	id_account	name.3	period	title.3	description.3	Cidade_dos_seguidores	valor	extract_date	period_extraction	year	day	id_tb_midia
0	17841425444516188	audience_city	lifetime	Cidade do público	Cidades dos seguidores deste perfil	value.São Paulo, São Paulo (state)	180.0	2024-05-20	05	2024	20	1784142544451618820240520audience_citylifetime
1	17841417530400616	audience_city	lifetime	Cidade do público	Cidades dos seguidores deste perfil	value.São Paulo, São Paulo (state)	107.0	2024-05-20	05	2024	20	1784141753040061620240520audience_citylifetime
2	17841425444516188	audience_city	lifetime	Cidade do público	Cidades dos seguidores deste perfil	value.Rio de Janeiro, Rio de Janeiro (state)	24.0	2024-05-20	05	2024	20	1784142544451618820240520audience_citylifetime
3	17841417530400616	audience_city	lifetime	Cidade do público	Cidades dos seguidores deste perfil	value.Rio de Janeiro, Rio de Janeiro (state)	7.0	2024-05-20	05	2024	20	1784141753040061620240520audience_citylifetime
4	17841425444516188	audience_city	lifetime	Cidade do público	Cidades dos seguidores deste perfil	value.Yuma, Arizona	20.0	2024-05-20	05	2024	20	1784142544451618820240520audience_citylifetime
5	17841417530400616	audience_city	lifetime	Cidade do público	Cidades dos seguidores deste perfil	value.Yuma, Arizona		2024-05-20	05	2024	20	1784141753040061620240520audience_citylifetime
6	17841425444516188	audience_city	lifetime	Cidade do público	Cidades dos seguidores deste perfil	value.Edinburg, Texas	10.0	2024-05-20	05	2024	20	1784142544451618820240520audience_citylifetime
7	17841417530400616	audience_city	lifetime	Cidade do público	Cidades dos seguidores deste perfil	value.Edinburg, Texas		2024-05-20	05	2024	20	1784141753040061620240520audience_citylifetime
8	17841425444516188	audience_city	lifetime	Cidade do público	Cidades dos seguidores deste perfil	value.Ulukısla, Niğde Province	16.0	2024-05-20	05	2024	20	1784142544451618820240520audience_citylifetime
9	17841417530400616	audience_city	lifetime	Cidade do público	Cidades dos seguidores deste perfil	value.Ulukısla, Niğde Province		2024-05-20	05	2024	20	1784141753040061620240520audience_citylifetime
10	17841425444516188	audience_city	lifetime	Cidade do público	Cidades dos seguidores deste perfil	value.Abington, Pennsylvania	24.0	2024-05-20	05	2024	20	1784142544451618820240520audience_citylifetime
11	17841417530400616	audience_city	lifetime	Cidade do público	Cidades dos seguidores deste perfil	value.Abington, Pennsylvania		2024-05-20	05	2024	20	1784141753040061620240520audience_citylifetime
12	17841425444516188	audience_city	lifetime	Cidade do público	Cidades dos seguidores deste perfil	value.Sioux Falls, South Dakota	8.0	2024-05-20	05	2024	20	1784142544451618820240520audience_citylifetime
13	17841417530400616	audience_city	lifetime	Cidade do público	Cidades dos seguidores deste perfil	value.Sioux Falls, South Dakota		2024-05-20	05	2024	20	1784141753040061620240520audience_citylifetime
14	17841425444516188	audience_city	lifetime	Cidade do público	Cidades dos seguidores deste perfil	value.Golpazarı, Bilecik Province	9.0	2024-05-20	05	2024	20	1784142544451618820240520audience_citylifetime
15	17841417530400616	audience_city	lifetime	Cidade do público	Cidades dos seguidores deste perfil	value.Golpazarı, Bilecik Province		2024-05-20	05	2024	20	1784141753040061620240520audience_citylifetime
16	17841425444516188	audience_city	lifetime	Cidade do público	Cidades dos seguidores deste perfil	value.Alpu, Eskişehir Province	12.0	2024-05-20	05	2024	20	1784142544451618820240520audience_citylifetime
17	17841417530400616	audience_city	lifetime	Cidade do público	Cidades dos seguidores deste perfil	value.Alpu, Eskişehir Province		2024-05-20	05	2024	20	1784141753040061620240520audience_citylifetime
18	17841425444516188	audience_city	lifetime	Cidade do público	Cidades dos seguidores deste perfil	value.Maceió, Alagoas	61.0	2024-05-20	05	2024	20	1784142544451618820240520audience_citylifetime
19	17841417530400616	audience_city	lifetime	Cidade do público	Cidades dos seguidores deste perfil	value.Maceió, Alagoas		2024-05-20	05	2024	20	1784141753040061620240520audience_citylifetime
20	17841425444516188	audience_city	lifetime	Cidade do público	Cidades dos seguidores deste perfil	value.Eskisehir, Eskişehir Province	613.0	2024-05-20	05	2024	20	1784142544451618820240520audience_citylifetime
21	17841417530400616	audience_city	lifetime	Cidade do público	Cidades dos seguidores deste perfil	value.Eskisehir, Eskişehir Province		2024-05-20	05	2024	20	1784141753040061620240520audience_citylifetime
22	17841425444516188	audience_city	lifetime	Cidade do público	Cidades dos seguidores deste perfil	value.Prague, Prague	12.0	2024-05-20	05	2024	20	1784142544451618820240520audience_citylifetime
23	17841417530400616	audience_city	lifetime	Cidade do público	Cidades dos seguidores deste perfil	value.Prague, Prague		2024-05-20	05	2024	20	1784141753040061620240520audience_citylifetime
24	17841425444516188	audience_city	lifetime	Cidade do público	Cidades dos seguidores deste perfil	value.San Jose, California	9.0	2024-05-20	05	2024	20	1784142544451618820240520audience_citylifetime
25	17841417530400616	audience_city	lifetime	Cidade do público	Cidades dos seguidores deste perfil	value.San Jose, California		2024-05-20	05	2024	20	1784141753040061620240520audience_citylifetime
26	17841425444516188	audience_city	lifetime	Cidade do público	Cidades dos seguidores deste perfil	value.Redford, Michigan	11.0	2024-05-20	05	2024	20	1784142544451618820240520audience_citylifetime
27	17841417530400616	audience_city	lifetime	Cidade do público	Cidades dos seguidores deste perfil	value.Redford, Michigan		2024-05-20	05	2024	20	1784141753040061620240520audience_citylifetime
28	17841425444516188	audience_city	lifetime	Cidade do público	Cidades dos seguidores deste perfil	value.Çiftlik, Niğde Province	11.0	2024-05-20	05	2024	20	1784142544451618820240520audience_citylifetime
29	17841417530400616	audience_city	lifetime	Cidade do público	Cidades dos seguidores deste perfil	value.Çiftlik, Niğde Province		2024-05-20	05	2024	20	1784141753040061620240520audience_citylifetime
30	17841425444516188	audience_city	lifetime	Cidade do público	Cidades dos seguidores deste perfil	value.Três Rios, Rio de Janeiro (state)	9.0	2024-05-20	05	2024	20	1784142544451618820240520audience_citylifetime
31	17841417530400616	audience_city	lifetime	Cidade do público	Cidades dos seguidores deste perfil	value.Três Rios, Rio de Janeiro (state)		2024-05-20	05	2024	20	1784141753040061620240520audience_citylifetime
32	17841425444516188	audience_city	lifetime	Cidade do público	Cidades dos seguidores deste perfil	value.Gilbert, Arizona	8.0	2024-05-20	05	2024	20	1784142544451618820240520audience_citylifetime
33	17841417530400616	audience_city	lifetime	Cidade do público	Cidades dos seguidores deste perfil	value.Gilbert, Arizona		2024-05-20	05	2024	20	1784141753040061620240520audience_citylifetime
34	17841425444516188	audience_city	lifetime	Cidade do público	Cidades dos seguidores deste perfil	value.Güzelyurt, Aksaray Province	8.0	2024-05-20	05	2024	20	1784142544451618820240520audience_citylifetime
35	17841417530400616	audience_city	lifetime	Cidade do público	Cidades dos seguidores deste perfil	value.Güzelyurt, Aksaray Province		2024-05-20	05	2024	20	1784141753040061620240520audience_citylifetime
36	17841425444516188	audience_city	lifetime	Cidade do público	Cidades dos seguidores deste perfil	value.Cianorte, Paraná	22.0	2024-05-20	05	2024	20	1784142544451618820240520audience_citylifetime
37	17841417530400616	audience_city	lifetime	Cidade do público	Cidades dos seguidores deste perfil	value.Cianorte, Paraná		2024-05-20	05	2024	20	1784141753040061620240520audience_citylifetime
38	17841425444516188	audience_city	lifetime	Cidade do público	Cidades dos seguidores deste perfil	value.Recife, Pernambuco	9.0	2024-05-20	05	2024	20	1784142544451618820240520audience_citylifetime
39	17841417530400616	audience_city	lifetime	Cidade do público	Cidades dos seguidores deste perfil	value.Recife, Pernambuco		2024-05-20	05	2024	20	1784141753040061620240520audience_citylifetime
40	17841425444516188	audience_city	lifetime	Cidade do público	Cidades dos seguidores deste perfil	value.Des Moines, Iowa	8.0	2024-05-20	05	2024	20	1784142544451618820240520audience_citylifetime
41	17841417530400616	audience_city	lifetime	Cidade do público	Cidades dos seguidores deste perfil	value.Des Moines, Iowa		2024-05-20	05	2024	20	1784141753040061620240520audience_citylifetime
42	17841425444516188	audience_city	lifetime	Cidade do público	Cidades dos seguidores deste perfil	value.Manchester, New Hampshire	11.0	2024-05-20	05	2024	20	1784142544451618820240520audience_citylifetime
43	17841417530400616	audience_city	lifetime	Cidade do público	Cidades dos seguidores deste perfil	value.Manchester, New Hampshire		2024-05-20	05	2024	20	1784141753040061620240520audience_citylifetime
44	17841425444516188	audience_city	lifetime	Cidade do público	Cidades dos seguidores deste perfil	value.Beylikova, Eskişehir Province	18.0	2024-05-20	05	2024	20	1784142544451618820240520audience_citylifetime
45	17841417530400616	audience_city	lifetime	Cidade do público	Cidades dos seguidores deste perfil	value.Beylikova, Eskişehir Province		2024-05-20	05	2024	20	1784141753040061620240520audience_citylifetime
46	17841425444516188	audience_city	lifetime	Cidade do público	Cidades dos seguidores deste perfil	value.Seyitgazi, Eskişehir Province	17.0	2024-05-20	05	2024	20	1784142544451618820240520audience_citylifetime
47	17841417530400616	audience_city	lifetime	Cidade do público	Cidades dos seguidores deste perfil	value.Seyitgazi, Eskişehir Province		2024-05-20	05	2024	20	1784141753040061620240520audience_citylifetime
48	17841425444516188	audience_city	lifetime	Cidade do público	Cidades dos seguidores deste perfil	value.Grand Rapids, Michigan	8.0	2024-05-20	05	2024	20	1784142544451618820240520audience_citylifetime
49	17841417530400616	audience_city	lifetime	Cidade do público	Cidades dos seguidores deste perfil	value.Grand Rapids, Michigan		2024-05-20	05	2024	20	1784141753040061620240520audience_citylifetime
50	17841425444516188	audience_city	lifetime	Cidade do público	Cidades dos seguidores deste perfil	value.Guarulhos, São Paulo (state)	9.0	2024-05-20	05	2024	20	1784142544451618820240520audience_citylifetime
51	17841417530400616	audience_city	lifetime	Cidade do público	Cidades dos seguidores deste perfil	value.Guarulhos, São Paulo (state)	6.0	2024-05-20	05	2024	20	1784141753040061620240520audience_citylifetime
52	17841425444516188	audience_city	lifetime	Cidade do público	Cidades dos seguidores deste perfil	value.Las Vegas, Nevada	10.0	2024-05-20	05	2024	20	1784142544451618820240520audience_citylifetime
53	17841417530400616	audience_city	lifetime	Cidade do público	Cidades dos seguidores deste perfil	value.Las Vegas, Nevada		2024-05-20	05	2024	20	1784141753040061620240520audience_citylifetime
54	17841425444516188	audience_city	lifetime	Cidade do público	Cidades dos seguidores deste perfil	value.Adıyaman, Niğde Province	8.0	2024-05-20	05	2024	20	1784142544451618820240520audience_citylifetime
55	17841417530400616	audience_city	lifetime	Cidade do público	Cidades dos seguidores deste perfil	value.Adıyaman, Niğde Province		2024-05-20	05	2024	20	1784141753040061620240520audience_citylifetime
56	17841425444516188	audience_city	lifetime	Cidade do público	Cidades dos seguidores deste perfil	value.El Monte, California	8.0	2024-05-20	05	2024	20	1784142544451618820240520audience_citylifetime
57	17841417530400616	audience_city	lifetime	Cidade do público	Cidades dos seguidores deste perfil	value.El Monte, California		2024-05-20	05	2024	20	1784141753040061620240520audience_citylifetime
58	17841425444516188	audience_city	lifetime	Cidade do público	Cidades dos seguidores deste perfil	value.Topeka, Kansas	19.0	2024-05-20	05	2024	20	1784142544451618820240520audience_citylifetime
59	17841417530400616	audience_city	lifetime	Cidade do público	Cidades dos seguidores deste perfil	value.Topeka, Kansas		2024-05-20	05	2024	20	1784141753040061620240520audience_citylifetime
60	17841425444516188	audience_city	lifetime	Cidade do público	Cidades dos seguidores deste perfil	value.Konya, Konya Province	17.0	2024-05-20	05	2024	20	1784142544451618820240520audience_citylifetime
61	17841417530400616	audience_city	lifetime	Cidade do público	Cidades dos seguidores deste perfil	value.Konya, Konya Province		2024-05-20	05	2024	20	1784141753040061620240520audience_citylifetime
62	17841425444516188	audience_city	lifetime	Cidade do público	Cidades dos seguidores deste perfil	value.Araruna, Paraná	36.0	2024-05-20	05	2024	20	1784142544451618820240520audience_citylifetime
63	17841417530400616	audience_city	lifetime	Cidade do público	Cidades dos seguidores deste perfil	value.Araruna, Paraná		2024-05-20	05	2024	20	1784141753040061620240520audience_citylifetime
64	17841425444516188	audience_city	lifetime	Cidade do público	Cidades dos seguidores deste perfil	value.Sivrihisar, Eskişehir Province	8.0	2024-05-20	05	2024	20	1784142544451618820240520audience_citylifetime
65	17841417530400616	audience_city	lifetime	Cidade do público	Cidades dos seguidores deste perfil	value.Sivrihisar, Eskişehir Province		2024-05-20	05	2024	20	1784141753040061620240520audience_citylifetime
66	17841425444516188	audience_city	lifetime	Cidade do público	Cidades dos seguidores deste perfil	value.Junction City, Kansas	18.0	2024-05-20	05	2024	20	1784142544451618820240520audience_citylifetime
67	17841417530400616	audience_city	lifetime	Cidade do público	Cidades dos seguidores deste perfil	value.Junction City, Kansas		2024-05-20	05	2024	20	1784141753040061620240520audience_citylifetime
68	17841425444516188	audience_city	lifetime	Cidade do público	Cidades dos seguidores deste perfil	value.Eskipazar, Karabük Province	9.0	2024-05-20	05	2024	20	1784142544451618820240520audience_citylifetime
69	17841417530400616	audience_city	lifetime	Cidade do público	Cidades dos seguidores deste perfil	value.Eskipazar, Karabük Province		2024-05-20	05	2024	20	1784141753040061620240520audience_citylifetime
70	17841425444516188	audience_city	lifetime	Cidade do público	Cidades dos seguidores deste perfil	value.Cape Town, Western Cape	14.0	2024-05-20	05	2024	20	1784142544451618820240520audience_citylifetime
71	17841417530400616	audience_city	lifetime	Cidade do público	Cidades dos seguidores deste perfil	value.Cape Town, Western Cape		2024-05-20	05	2024	20	1784141753040061620240520audience_citylifetime
72	17841425444516188	audience_city	lifetime	Cidade do público	Cidades dos seguidores deste perfil	value.Sincanköy, Ankara Province	42.0	2024-05-20	05	2024	20	1784142544451618820240520audience_citylifetime
73	17841417530400616	audience_city	lifetime	Cidade do público	Cidades dos seguidores deste perfil	value.Sincanköy, Ankara Province		2024-05-20	05	2024	20	1784141753040061620240520audience_citylifetime
74	17841425444516188	audience_city	lifetime	Cidade do público	Cidades dos seguidores deste perfil	value.Qom, Markazi Province	9.0	2024-05-20	05	2024	20	1784142544451618820240520audience_citylifetime
75	17841417530400616	audience_city	lifetime	Cidade do público	Cidades dos seguidores deste perfil	value.Qom, Markazi Province		2024-05-20	05	2024	20	1784141753040061620240520audience_citylifetime
76	17841425444516188	audience_city	lifetime	Cidade do público	Cidades dos seguidores deste perfil	value.New York, New York	45.0	2024-05-20	05	2024	20	1784142544451618820240520audience_citylifetime
77	17841417530400616	audience_city	lifetime	Cidade do público	Cidades dos seguidores deste perfil	value.New York, New York	1.0	2024-05-20	05	2024	20	1784141753040061620240520audience_citylifetime
78	17841425444516188	audience_city	lifetime	Cidade do público	Cidades dos seguidores deste perfil	value.Beach Park, Illinois	8.0	2024-05-20	05	2024	20	1784142544451618820240520audience_citylifetime
79	17841417530400616	audience_city	lifetime	Cidade do público	Cidades dos seguidores deste perfil	value.Beach Park, Illinois		2024-05-20	05	2024	20	1784141753040061620240520audience_citylifetime
80	17841425444516188	audience_city	lifetime	Cidade do público	Cidades dos seguidores deste perfil	value.Fort Wayne, Indiana	9.0	2024-05-20	05	2024	20	1784142544451618820240520audience_citylifetime
81	17841417530400616	audience_city	lifetime	Cidade do público	Cidades dos seguidores deste perfil	value.Fort Wayne, Indiana		2024-05-20	05	2024	20	1784141753040061620240520audience_citylifetime
82	17841425444516188	audience_city	lifetime	Cidade do público	Cidades dos seguidores deste perfil	value.Belo Horizonte, Minas Gerais	9.0	2024-05-20	05	2024	20	1784142544451618820240520audience_citylifetime
83	17841417530400616	audience_city	lifetime	Cidade do público	Cidades dos seguidores deste perfil	value.Belo Horizonte, Minas Gerais		2024-05-20	05	2024	20	1784141753040061620240520audience_citylifetime
84	17841425444516188	audience_city	lifetime	Cidade do público	Cidades dos seguidores deste perfil	value.Mahmudiye, Eskişehir Province	20.0	2024-05-20	05	2024	20	1784142544451618820240520audience_citylifetime
85	17841417530400616	audience_city	lifetime	Cidade do público	Cidades dos seguidores deste perfil	value.Mahmudiye, Eskişehir Province		2024-05-20	05	2024	20	1784141753040061620240520audience_citylifetime
86	17841425444516188	audience_city	lifetime	Cidade do público	Cidades dos seguidores deste perfil	value.Belém, Pará	14.0	2024-05-20	05	2024	20	1784142544451618820240520audience_citylifetime
87	17841417530400616	audience_city	lifetime	Cidade do público	Cidades dos seguidores deste perfil	value.Belém, Pará		2024-05-20	05	2024	20	1784141753040061620240520audience_citylifetime
88	17841425444516188	audience_city	lifetime	Cidade do público	Cidades dos seguidores deste perfil	value.Çifteler, Eskişehir Province	17.0	2024-05-20	05	2024	20	1784142544451618820240520audience_citylifetime
89	17841417530400616	audience_city	lifetime	Cidade do público	Cidades dos seguidores deste perfil	value.Çifteler, Eskişehir Province		2024-05-20	05	2024	20	1784141753040061620240520audience_citylifetime
90	17841425444516188	audience_city	lifetime	Cidade do público	Cidades dos seguidores deste perfil	value.Planaltina, Goiás		2024-05-20	05	2024	20	1784142544451618820240520audience_citylifetime
91	17841417530400616	audience_city	lifetime	Cidade do público	Cidades dos seguidores deste perfil	value.Planaltina, Goiás	1.0	2024-05-20	05	2024	20	1784141753040061620240520audience_citylifetime
92	17841425444516188	audience_city	lifetime	Cidade do público	Cidades dos seguidores deste perfil	value.Ribeirão Prêto, São Paulo (state)		2024-05-20	05	2024	20	1784142544451618820240520audience_citylifetime
93	17841417530400616	audience_city	lifetime	Cidade do público	Cidades dos seguidores deste perfil	value.Ribeirão Prêto, São Paulo (state)	1.0	2024-05-20	05	2024	20	1784141753040061620240520audience_citylifetime
94	17841425444516188	audience_city	lifetime	Cidade do público	Cidades dos seguidores deste perfil	value.Barbosa, São Paulo (state)		2024-05-20	05	2024	20	1784142544451618820240520audience_citylifetime
95	17841417530400616	audience_city	lifetime	Cidade do público	Cidades dos seguidores deste perfil	value.Barbosa, São Paulo (state)	1.0	2024-05-20	05	2024	20	1784141753040061620240520audience_citylifetime
96	17841425444516188	audience_city	lifetime	Cidade do público	Cidades dos seguidores deste perfil	value.Pedro do Rio, Rio de Janeiro (state)		2024-05-20	05	2024	20	1784142544451618820240520audience_citylifetime
97	17841417530400616	audience_city	lifetime	Cidade do público	Cidades dos seguidores deste perfil	value.Pedro do Rio, Rio de Janeiro (state)	1.0	2024-05-20	05	2024	20	1784141753040061620240520audience_citylifetime
98	17841425444516188	audience_city	lifetime	Cidade do público	Cidades dos seguidores deste perfil	value.São Luís, Maranhão		2024-05-20	05	2024	20	1784142544451618820240520audience_citylifetime
99	17841417530400616	audience_city	lifetime	Cidade do público	Cidades dos seguidores deste perfil	value.São Luís, Maranhão	2.0	2024-05-20	05	2024	20	1784141753040061620240520audience_citylifetime
100	17841425444516188	audience_city	lifetime	Cidade do público	Cidades dos seguidores deste perfil	value.Nova Friburgo, Rio de Janeiro (state)		2024-05-20	05	2024	20	1784142544451618820240520audience_citylifetime
101	17841417530400616	audience_city	lifetime	Cidade do público	Cidades dos seguidores deste perfil	value.Nova Friburgo, Rio de Janeiro (state)	2.0	2024-05-20	05	2024	20	1784141753040061620240520audience_citylifetime
102	17841425444516188	audience_city	lifetime	Cidade do público	Cidades dos seguidores deste perfil	value.Hong Kong, Hong Kong		2024-05-20	05	2024	20	1784142544451618820240520audience_citylifetime
103	17841417530400616	audience_city	lifetime	Cidade do público	Cidades dos seguidores deste perfil	value.Hong Kong, Hong Kong	1.0	2024-05-20	05	2024	20	1784141753040061620240520audience_citylifetime
104	17841425444516188	audience_city	lifetime	Cidade do público	Cidades dos seguidores deste perfil	value.Osasco, São Paulo (state)		2024-05-20	05	2024	20	1784142544451618820240520audience_citylifetime
105	17841417530400616	audience_city	lifetime	Cidade do público	Cidades dos seguidores deste perfil	value.Osasco, São Paulo (state)	1.0	2024-05-20	05	2024	20	1784141753040061620240520audience_citylifetime
106	17841425444516188	audience_city	lifetime	Cidade do público	Cidades dos seguidores deste perfil	value.Rio Branco, Acre (state)		2024-05-20	05	2024	20	1784142544451618820240520audience_citylifetime
107	17841417530400616	audience_city	lifetime	Cidade do público	Cidades dos seguidores deste perfil	value.Rio Branco, Acre (state)	1.0	2024-05-20	05	2024	20	1784141753040061620240520audience_citylifetime
108	17841425444516188	audience_city	lifetime	Cidade do público	Cidades dos seguidores deste perfil	value.Itaipava, Rio de Janeiro (state)		2024-05-20	05	2024	20	1784142544451618820240520audience_citylifetime
109	17841417530400616	audience_city	lifetime	Cidade do público	Cidades dos seguidores deste perfil	value.Itaipava, Rio de Janeiro (state)	1.0	2024-05-20	05	2024	20	1784141753040061620240520audience_citylifetime
110	17841425444516188	audience_city	lifetime	Cidade do público	Cidades dos seguidores deste perfil	value.Londrina, Paraná		2024-05-20	05	2024	20	1784142544451618820240520audience_citylifetime
111	17841417530400616	audience_city	lifetime	Cidade do público	Cidades dos seguidores deste perfil	value.Londrina, Paraná	6.0	2024-05-20	05	2024	20	1784141753040061620240520audience_citylifetime
112	17841425444516188	audience_city	lifetime	Cidade do público	Cidades dos seguidores deste perfil	value.Brasília, Federal District		2024-05-20	05	2024	20	1784142544451618820240520audience_citylifetime
113	17841417530400616	audience_city	lifetime	Cidade do público	Cidades dos seguidores deste perfil	value.Brasília, Federal District	1.0	2024-05-20	05	2024	20	1784141753040061620240520audience_citylifetime
114	17841425444516188	audience_city	lifetime	Cidade do público	Cidades dos seguidores deste perfil	value.Kuala Lumpur, Kuala Lumpur		2024-05-20	05	2024	20	1784142544451618820240520audience_citylifetime
115	17841417530400616	audience_city	lifetime	Cidade do público	Cidades dos seguidores deste perfil	value.Kuala Lumpur, Kuala Lumpur	1.0	2024-05-20	05	2024	20	1784141753040061620240520audience_citylifetime
116	17841425444516188	audience_city	lifetime	Cidade do público	Cidades dos seguidores deste perfil	value.Sorocaba, São Paulo (state)		2024-05-20	05	2024	20	1784142544451618820240520audience_citylifetime
117	17841417530400616	audience_city	lifetime	Cidade do público	Cidades dos seguidores deste perfil	value.Sorocaba, São Paulo (state)	1.0	2024-05-20	05	2024	20	1784141753040061620240520audience_citylifetime
118	17841425444516188	audience_city	lifetime	Cidade do público	Cidades dos seguidores deste perfil	value.Sobradinho, Federal District		2024-05-20	05	2024	20	1784142544451618820240520audience_citylifetime
119	17841417530400616	audience_city	lifetime	Cidade do público	Cidades dos seguidores deste perfil	value.Sobradinho, Federal District	1.0	2024-05-20	05	2024	20	1784141753040061620240520audience_citylifetime
120	17841425444516188	audience_city	lifetime	Cidade do público	Cidades dos seguidores deste perfil	value.São Bernardo do Campo, São Paulo (state)		2024-05-20	05	2024	20	1784142544451618820240520audience_citylifetime
121	17841417530400616	audience_city	lifetime	Cidade do público	Cidades dos seguidores deste perfil	value.São Bernardo do Campo, São Paulo (state)	1.0	2024-05-20	05	2024	20	1784141753040061620240520audience_citylifetime
122	17841425444516188	audience_city	lifetime	Cidade do público	Cidades dos seguidores deste perfil	value.Natal, Rio Grande do Norte		2024-05-20	05	2024	20	1784142544451618820240520audience_citylifetime
123	17841417530400616	audience_city	lifetime	Cidade do público	Cidades dos seguidores deste perfil	value.Natal, Rio Grande do Norte	1.0	2024-05-20	05	2024	20	1784141753040061620240520audience_citylifetime
124	17841425444516188	audience_city	lifetime	Cidade do público	Cidades dos seguidores deste perfil	value.Pôrto União, Santa Catarina		2024-05-20	05	2024	20	1784142544451618820240520audience_citylifetime
125	17841417530400616	audience_city	lifetime	Cidade do público	Cidades dos seguidores deste perfil	value.Pôrto União, Santa Catarina	1.0	2024-05-20	05	2024	20	1784141753040061620240520audience_citylifetime
126	17841425444516188	audience_city	lifetime	Cidade do público	Cidades dos seguidores deste perfil	value.Salvador, Bahia		2024-05-20	05	2024	20	1784142544451618820240520audience_citylifetime
127	17841417530400616	audience_city	lifetime	Cidade do público	Cidades dos seguidores deste perfil	value.Salvador, Bahia	1.0	2024-05-20	05	2024	20	1784141753040061620240520audience_citylifetime
128	17841425444516188	audience_city	lifetime	Cidade do público	Cidades dos seguidores deste perfil	value.Hunters Creek, Florida		2024-05-20	05	2024	20	1784142544451618820240520audience_citylifetime
129	17841417530400616	audience_city	lifetime	Cidade do público	Cidades dos seguidores deste perfil	value.Hunters Creek, Florida	1.0	2024-05-20	05	2024	20	1784141753040061620240520audience_citylifetime
130	17841425444516188	audience_city	lifetime	Cidade do público	Cidades dos seguidores deste perfil	value.Petrópolis, Rio de Janeiro (state)		2024-05-20	05	2024	20	1784142544451618820240520audience_citylifetime
131	17841417530400616	audience_city	lifetime	Cidade do público	Cidades dos seguidores deste perfil	value.Petrópolis, Rio de Janeiro (state)	56.0	2024-05-20	05	2024	20	1784141753040061620240520audience_citylifetime
132	17841425444516188	audience_city	lifetime	Cidade do público	Cidades dos seguidores deste perfil	value.Portão, Rio Grande do Sul		2024-05-20	05	2024	20	1784142544451618820240520audience_citylifetime
133	17841417530400616	audience_city	lifetime	Cidade do público	Cidades dos seguidores deste perfil	value.Portão, Rio Grande do Sul	1.0	2024-05-20	05	2024	20	1784141753040061620240520audience_citylifetime
134	17841425444516188	audience_city	lifetime	Cidade do público	Cidades dos seguidores deste perfil	value.Alvorada, Rio Grande do Sul		2024-05-20	05	2024	20	1784142544451618820240520audience_citylifetime
135	17841417530400616	audience_city	lifetime	Cidade do público	Cidades dos seguidores deste perfil	value.Alvorada, Rio Grande do Sul	1.0	2024-05-20	05	2024	20	1784141753040061620240520audience_citylifetime
136	17841425444516188	audience_city	lifetime	Cidade do público	Cidades dos seguidores deste perfil	value.Itabuna, Bahia		2024-05-20	05	2024	20	1784142544451618820240520audience_citylifetime
137	17841417530400616	audience_city	lifetime	Cidade do público	Cidades dos seguidores deste perfil	value.Itabuna, Bahia	1.0	2024-05-20	05	2024	20	1784141753040061620240520audience_citylifetime
138	17841425444516188	audience_city	lifetime	Cidade do público	Cidades dos seguidores deste perfil	value.Canoas, Rio Grande do Sul		2024-05-20	05	2024	20	1784142544451618820240520audience_citylifetime
139	17841417530400616	audience_city	lifetime	Cidade do público	Cidades dos seguidores deste perfil	value.Canoas, Rio Grande do Sul	1.0	2024-05-20	05	2024	20	1784141753040061620240520audience_citylifetime
140	17841425444516188	audience_city	lifetime	Cidade do público	Cidades dos seguidores deste perfil	value.Couto de Magalhães de Minas, Minas Gerais		2024-05-20	05	2024	20	1784142544451618820240520audience_citylifetime
141	17841417530400616	audience_city	lifetime	Cidade do público	Cidades dos seguidores deste perfil	value.Couto de Magalhães de Minas, Minas Gerais	1.0	2024-05-20	05	2024	20	1784141753040061620240520audience_citylifetime
142	17841425444516188	audience_city	lifetime	Cidade do público	Cidades dos seguidores deste perfil	value.Passaic, New Jersey		2024-05-20	05	2024	20	1784142544451618820240520audience_citylifetime
143	17841417530400616	audience_city	lifetime	Cidade do público	Cidades dos seguidores deste perfil	value.Passaic, New Jersey	2.0	2024-05-20	05	2024	20	1784141753040061620240520audience_citylifetime
144	17841425444516188	audience_city	lifetime	Cidade do público	Cidades dos seguidores deste perfil	value.São Caitano, Pernambuco		2024-05-20	05	2024	20	1784142544451618820240520audience_citylifetime
145	17841417530400616	audience_city	lifetime	Cidade do público	Cidades dos seguidores deste perfil	value.São Caitano, Pernambuco	1.0	2024-05-20	05	2024	20	1784141753040061620240520audience_citylifetime
146	17841425444516188	audience_city	lifetime	Cidade do público	Cidades dos seguidores deste perfil	value.Suzano, São Paulo (state)		2024-05-20	05	2024	20	1784142544451618820240520audience_citylifetime
147	17841417530400616	audience_city	lifetime	Cidade do público	Cidades dos seguidores deste perfil	value.Suzano, São Paulo (state)	1.0	2024-05-20	05	2024	20	1784141753040061620240520audience_citylifetime
148	17841425444516188	audience_city	lifetime	Cidade do público	Cidades dos seguidores deste perfil	value.Tulcán, Carchi Province		2024-05-20	05	2024	20	1784142544451618820240520audience_citylifetime
149	17841417530400616	audience_city	lifetime	Cidade do público	Cidades dos seguidores deste perfil	value.Tulcán, Carchi Province	1.0	2024-05-20	05	2024	20	1784141753040061620240520audience_citylifetime
150	17841425444516188	audience_city	lifetime	Cidade do público	Cidades dos seguidores deste perfil	value.Campinas, São Paulo (state)		2024-05-20	05	2024	20	1784142544451618820240520audience_citylifetime
151	17841417530400616	audience_city	lifetime	Cidade do público	Cidades dos seguidores deste perfil	value.Campinas, São Paulo (state)	1.0	2024-05-20	05	2024	20	1784141753040061620240520audience_citylifetime
152	17841425444516188	audience_city	lifetime	Cidade do público	Cidades dos seguidores deste perfil	value.Itaperuna, Rio de Janeiro (state)		2024-05-20	05	2024	20	1784142544451618820240520audience_citylifetime
153	17841417530400616	audience_city	lifetime	Cidade do público	Cidades dos seguidores deste perfil	value.Itaperuna, Rio de Janeiro (state)	1.0	2024-05-20	05	2024	20	1784141753040061620240520audience_citylifetime
