	id_account	username	id_midia	comments_count	like_count	media_type	media_url	caption	timestamp	permalink	media_product_type	thumbnail_url	shortcode	owner.id	owner.username	extract_date	period	year	day	id_tb_midia
0	17841425444516188	bodemeier.digital	18005273918369940	2	15	VIDEO	https://scontent.cdninstagram.com/o1/v/t16/f1/m82/77434A186BF697227A002A1AE17B3187_video_dashinit.mp4?efg=eyJ2ZW5jb2RlX3RhZyI6InZ0c192b2RfdXJsZ2VuLmNsaXBzLnVua25vd24tQzMuNzIwLmRhc2hfYmFzZWxpbmVfMV92MSJ9&_nc_ht=scontent.cdninstagram.com&_nc_cat=109&vs=7254017348022342_3328074798&_nc_vs=HBksFQIYT2lnX3hwdl9yZWVsc19wZXJtYW5lbnRfcHJvZC83NzQzNEExODZCRjY5NzIyN0EwMDJBMUFFMTdCMzE4N192aWRlb19kYXNoaW5pdC5tcDQVAALIAQAVAhg6cGFzc3Rocm91Z2hfZXZlcnN0b3JlL0dJRnhoaGxBRHU1d1dEVURBSGthbUlobjNXRW9icV9FQUFBRhUCAsgBACgAGAAbAYgHdXNlX29pbAExFQAAJsbs7NfV5P0%2FFQIoAkMzLBdAVZAxJul41RgSZGFzaF9iYXNlbGluZV8xX3YxEQB1AAA%3D&ccb=9-4&oh=00_AYD_d08mbKtE7kU58fCHf1DnvThIM7CpHMcX8CZ3zNAR1Q&oe=664DBD21&_nc_sid=1d576d	"Voc√™ sabe o que √© um briefing? üìù

üé• Assista ao v√≠deo e entenda o porque do briefing ser considerado a b√∫ssola para alcan√ßarmos resultados incr√≠veis!üåü

#briefing #Estrat√©giaCriativa #Comunica√ß√£oEfetiva #MarketingDigital #SocialMediaTips #InstaMarketing #Criatividade #Publicidade #gestaoderedessociais #PlanejamentoEstrat√©gico"	2024-02-20T21:19:22+0000	https://www.instagram.com/reel/C3lW1XkOcfL/	REELS	https://scontent.cdninstagram.com/v/t51.29350-15/429155078_1178568790117983_6088325001832244653_n.jpg?_nc_cat=105&ccb=1-7&_nc_sid=18de74&_nc_eui2=AeF9AUKKB5xhG37XNc_d_9ss1oxP5k0BqjjWjE_mTQGqONpI7z3x8-nwJZGBaPBt69FWP5WtaTo5UzWf8GIu94tW&_nc_ohc=KDROtimDneMQ7kNvgEQc-Xu&_nc_ht=scontent.cdninstagram.com&edm=AL-3X8kEAAAA&oh=00_AYDw5lS6frvfEmfg8wwQr6eVETc0YmGlmUHjxyptCtA9nQ&oe=6651C4C9	C3lW1XkOcfL	17841425444516188	bodemeier.digital	2024-05-20	05	2024	20	1800527391836994020240520
1	17841417530400616	gabgalani	18014406560219838	5	21	CAROUSEL_ALBUM	https://scontent.cdninstagram.com/v/t51.29350-15/435457154_393408560287634_1753949339373004468_n.jpg?_nc_cat=104&ccb=1-7&_nc_sid=18de74&_nc_eui2=AeG_gSpiivoJ5PHBxV8TfFSWzcDIe1UCfRXNwMh7VQJ9FRTMtbq7a0eWAHKh0ZCR9wbmN0RxeZOSJh5Tg2_q-j9l&_nc_ohc=37LZjPGa9vcQ7kNvgG2A6oq&_nc_ht=scontent.cdninstagram.com&edm=AL-3X8kEAAAA&oh=00_AYCUgjrvRWxOXAz7uQ7pfJO5QHvjebHaXJmDkyibcsbBVQ&oe=6651A514	"Parab√©ns minha princesa!!!!!!!!!

Hoje √© o seu dia!! E que seja um dia maravilhoso meu amor!

Quero te desejar os parab√©ns, pelo seu anivers√°rio e, tamb√©m, pela mulher incr√≠vel que voc√™ se torna a cada dia. Que Deus aben√ßoe muito voc√™, te guie pelos caminhos dele e te proporcione tudo o que voc√™ merece viver, que nesse mais um ano que est√° se iniciando, voc√™ a cada dia possa dar mais um passo para realiza√ß√£o dos seus sonhos, que voc√™ possa sorrir e sorrir muito, sorrir at√© a bochecha doer, que voc√™ dance muito, se divirta e aproveite cada segundo da vida meu amor! 

Te desejo muito amor, muita sa√∫de, muita paz e alegria, porque sem d√∫vida todos esses sentimentos que eu citei, voc√™ me faz sentir todos os momentos que estou junto de voc√™. Voc√™ √© um presentinho, um ouro, um diamante! Voc√™ √© uma mulher que causa admira√ß√£o e sem d√∫vida √© inspira√ß√£o n√£o s√≥ para mim. 

Eu te amo meu amor e vou parando por aqui, se n√£o‚Ä¶ n√£o vai caber car√°cteres n√© kkkkk Mas o fato √©: Nada o que eu disser aqui, vai ser o suficiente para demonstrar a mulher maravilhosa que voc√™ √©, o quanto voc√™ me inspira e o quando eu amo voc√™! 

 Parab√©ns amooor ‚ù§Ô∏è‚ù§Ô∏è‚ù§Ô∏è‚ù§Ô∏è‚ô•Ô∏è‚ù§Ô∏è‚ô•Ô∏è‚ô•Ô∏è‚ù§Ô∏èüéâüéâüéÇüéÇü•Çü•Ç"	2024-04-03T04:01:01+0000	https://www.instagram.com/p/C5SP_m8O1S-/	FEED		C5SP_m8O1S-	17841417530400616	gabgalani	2024-05-20	05	2024	20	1801440656021983820240520
2	17841425444516188	bodemeier.digital	17846370906157882	1	13	VIDEO	https://scontent.cdninstagram.com/o1/v/t16/f1/m82/97466ABB522CB69D1369DE825800A7B9_video_dashinit.mp4?efg=eyJ2ZW5jb2RlX3RhZyI6InZ0c192b2RfdXJsZ2VuLmNsaXBzLnVua25vd24tQzMuNzIwLmRhc2hfYmFzZWxpbmVfMV92MSJ9&_nc_ht=scontent.cdninstagram.com&_nc_cat=101&vs=330227993348149_2112656366&_nc_vs=HBksFQIYT2lnX3hwdl9yZWVsc19wZXJtYW5lbnRfcHJvZC85NzQ2NkFCQjUyMkNCNjlEMTM2OURFODI1ODAwQTdCOV92aWRlb19kYXNoaW5pdC5tcDQVAALIAQAVAhg6cGFzc3Rocm91Z2hfZXZlcnN0b3JlL0dCVVZ2QmlIRkNDUjFCc0JBQlVqOHdudkFrNTJicV9FQUFBRhUCAsgBACgAGAAbAYgHdXNlX29pbAExFQAAJpjOmK3ZvsE%2FFQIoAkMzLBdATIAgxJul4xgSZGFzaF9iYXNlbGluZV8xX3YxEQB1AAA%3D&ccb=9-4&oh=00_AYAlplZsMIjYD9Ldn8JMj40_InfNX9CgJfQHmW2a1MZj5g&oe=664DBDA9&_nc_sid=1d576d	"Uma grande d√∫vida que voc√™s me perguntam: SOCIAL M√âDIA FAZ OU N√ÉO FAZ ARTE? 

Assista ao v√≠deo e descubra o que faz parte do papel do social media e o que n√£o! 

Gostou desse conte√∫do? Me siga para mais! 

#socialmedia #estrategia #marketingdigital #mkt #socialmediamarketing #socialmediamanager #criativo #design"	2024-02-16T21:00:00+0000	https://www.instagram.com/reel/C3bDRy3uifD/	REELS	https://scontent.cdninstagram.com/v/t51.29350-15/427892904_1343049969693873_8205423496314248542_n.jpg?_nc_cat=105&ccb=1-7&_nc_sid=18de74&_nc_eui2=AeE46hoPvgN2VYnWt9a3Unky-izRdSi7U3v6LNF1KLtTe_VimO_GtvfmaNrPbfI1w1fDTHDVYd7X0XxdVVUjHpUo&_nc_ohc=IuL8ajpVFYcQ7kNvgHWZ8aw&_nc_ht=scontent.cdninstagram.com&edm=AL-3X8kEAAAA&oh=00_AYBXMzhmVV3EpgdqCAJhd1ufS9u3KlFA01FooLRifCpsAg&oe=665196B6	C3bDRy3uifD	17841425444516188	bodemeier.digital	2024-05-20	05	2024	20	1784637090615788220240520
3	17841417530400616	gabgalani	18036730186652355	1	27	IMAGE	https://scontent.cdninstagram.com/v/t51.29350-15/429749943_428608102935968_8040849216041785195_n.jpg?_nc_cat=110&ccb=1-7&_nc_sid=18de74&_nc_eui2=AeGGXWQvsjJUl0FJfYsXyOLJr5qgnCAMH4uvmqCcIAwfizgH1C1mZ17jVh7V23c2ZkazYMRj1ISnx8w-rbKyjPb0&_nc_ohc=lWAInH-1igsQ7kNvgFFbX_f&_nc_ht=scontent.cdninstagram.com&edm=AL-3X8kEAAAA&oh=00_AYB1x9LqVqbi5Nd3eRTbBMk7OcjOB907BB3baxIgY0ealw&oe=6651C230	Eu te amo demais meu amor, muito obrigado por me fazer feliz, por fazer dos meus dias mais coloridos! Voc√™ √© uma mulher que eu admiro muito e tenho muita sorte de ter na minha vida. Eu te amo demais e demais meu amor ‚ù§Ô∏è‚ù§Ô∏è	2024-02-26T01:51:54+0000	https://www.instagram.com/p/C3yvzhqO1Ia/	FEED		C3yvzhqO1Ia	17841417530400616	gabgalani	2024-05-20	05	2024	20	1803673018665235520240520
4	17841425444516188	bodemeier.digital	18002752616172667	0	5	VIDEO	https://scontent.cdninstagram.com/o1/v/t16/f1/m82/E74540E2E8C5526F99D64207A160E88D_video_dashinit.mp4?efg=eyJ2ZW5jb2RlX3RhZyI6InZ0c192b2RfdXJsZ2VuLmNsaXBzLnVua25vd24tQzMuNTQ0LmRhc2hfYmFzZWxpbmVfMV92MSJ9&_nc_ht=scontent.cdninstagram.com&_nc_cat=107&vs=374275141979181_3990205957&_nc_vs=HBksFQIYT2lnX3hwdl9yZWVsc19wZXJtYW5lbnRfcHJvZC9FNzQ1NDBFMkU4QzU1MjZGOTlENjQyMDdBMTYwRTg4RF92aWRlb19kYXNoaW5pdC5tcDQVAALIAQAVAhg6cGFzc3Rocm91Z2hfZXZlcnN0b3JlL0dPamZlaGxzYk5OLXZiZ0RBSTNHY1dIeE4zc19icV9FQUFBRhUCAsgBACgAGAAbAYgHdXNlX29pbAExFQAAJojSrL2nnbZBFQIoAkMzLBdAMQAAAAAAABgSZGFzaF9iYXNlbGluZV8xX3YxEQB1AAA%3D&ccb=9-4&oh=00_AYAfXEHwjwB7rfFYqjNTqxYEdQPcgXVB5UR5zKuyJARPHA&oe=664DCB75&_nc_sid=1d576d	"‚ÄúO maior instrumento da globaliza√ß√£o cultural na
sociedade tem sido certamente o conjunto das redes
de comunica√ß√£o de massa. A abrang√™ncia, extens√£o
e efic√°cia dessas redes est√£o na raiz das maiores
transforma√ß√µes na virada do s√©culo.‚Äù 
‚Äî SOARES | 1997

#marketing #marketingdigital #marketingestrategico #marketingstrategy #socialmediamarketing #socialmediabr #socialmedia #socialmediamanager #estrategia #estrategiadigital"	2024-02-10T20:05:55+0000	https://www.instagram.com/reel/C3Lf9wLOhpf/	REELS	https://scontent.cdninstagram.com/v/t51.29350-15/425874101_1609792766496721_2350421105199104317_n.jpg?_nc_cat=109&ccb=1-7&_nc_sid=18de74&_nc_eui2=AeGR3gcFTANSs6nRz-Ul_9qbZ3E45iEfCgFncTjmIR8KAWZGq706Bv7Aalpd405LDl9eemskmLLg6Z8Wzqixbi9z&_nc_ohc=57EY-NCkh20Q7kNvgEueQ4G&_nc_ht=scontent.cdninstagram.com&edm=AL-3X8kEAAAA&oh=00_AYB_CWgNu5CNmgeeT2InJBCC0kyDh36fuRmhM-DFaBqd6w&oe=6651A974	C3Lf9wLOhpf	17841425444516188	bodemeier.digital	2024-05-20	05	2024	20	1800275261617266720240520
5	17841417530400616	gabgalani	17926144523730968	2	25	IMAGE	https://scontent.cdninstagram.com/v/t51.29350-15/415986000_1277938576235972_2227322773758743657_n.jpg?_nc_cat=104&ccb=1-7&_nc_sid=18de74&_nc_eui2=AeHR6nqGYQ9mxAhVSbqOoEnD-3rYA7iJAg77etgDuIkCDshM1mG-5Od_KX9rQQ1F_tIQcpAft-xtofPGMAlfHhxD&_nc_ohc=j8IB_gdpHacQ7kNvgHYDs3V&_nc_oc=Adik9PssIPMsVMYkN8nSCyGtJyIii9wgaHIvvgK8bppS4rzWK8Dl211ojGg_PzOwXsVxE5UaAbt1Y3s2FzNUcpHa&_nc_ht=scontent.cdninstagram.com&edm=AL-3X8kEAAAA&oh=00_AYB201Q2CaRFGqPqZV5z8c3OQSFCX90-ShJjLP2J1wVNww&oe=6651BE77	Feliz ano novo meu amor!! E com muitas novidades, que Deus aben√ßoe muito a n√≥s, a nossa fam√≠lia e a cada um que est√° conosco, que seja um ano incr√≠vel e principalmente que Deus seja o nosso norte sempre!  Eu te amo demais ‚ù§Ô∏è‚ù§Ô∏è‚ù§Ô∏èü•Ç	2024-01-01T03:47:08+0000	https://www.instagram.com/p/C1iwejeuaVt/	FEED		C1iwejeuaVt	17841417530400616	gabgalani	2024-05-20	05	2024	20	1792614452373096820240520
6	17841425444516188	bodemeier.digital	17971594208670851	0	7	VIDEO		"‚ÄºÔ∏è √â isso que o Instagram prioriza!

Acredite, o Zuck n√£o se importa se voc√™ est√° fazendo v√°rios posts por dia!

E acreditar que √© isso que vai fazer voc√™ ser notado pela plataforma s√≥ est√° atrasando o seu crescimento na rede.

O que realmente importa para o Instagram √© a
RETEN√á√ÉO do seu v√≠deo, ou seja, se as pessoas assistem ao seu reels do in√≠cio ao fim!

E voc√™ consegue fazer isso da seguinte forma:

- Crie v√≠deos curtos - entre 5 a 7 segundos.

- Inclua uma frase impactante no in√≠cio para atrair a aten√ß√£o do usu√°rio.

- Escreva uma legenda longa - isso far√° com que as pessoas passem mais tempo lendo e contabilizar√° visualiza√ß√µes para o seu v√≠deo.

Gostou desse conte√∫do? N√£o esquece de salvar para n√£o esquecer!‚ú® 

#marketingdeconteudo #criacaodeconteudo
#empreendedorismo #empreender
#posicionamentodigital #branding #socialmedia
#crescerinstagram #crescernoinstagram #reels
#algoritmoinstagram #conteudodigital #storytelling #socialmediamarketing #socialmediacontent #design #designbr #designbrasileiro #marketing #marketingestrategico 
#storiescriativos #estrategiadigital #socialmedia"	2024-02-09T18:00:00+0000	https://www.instagram.com/reel/C3KvokquZdf/	REELS	https://scontent.cdninstagram.com/v/t51.29350-15/425867939_3345325925760254_6726971168453613445_n.jpg?_nc_cat=105&ccb=1-7&_nc_sid=18de74&_nc_eui2=AeEcotjGGmM95KeKNdTyXdQ0O07IV8Rg3M07TshXxGDczflKj7KQF4s8LJZUTdMLsOQQJYuTB5eud6zzQnMxZbLj&_nc_ohc=XRc6BuOrOhMQ7kNvgH0Ty_c&_nc_ht=scontent.cdninstagram.com&edm=AL-3X8kEAAAA&oh=00_AYDmlSSEnIYaxyO4YC1nQ6VIdvgfvtelKHRe608uOxj5pg&oe=66519066	C3KvokquZdf	17841425444516188	bodemeier.digital	2024-05-20	05	2024	20	1797159420867085120240520
7	17841417530400616	gabgalani	17952648479723484	3	22	IMAGE	https://scontent.cdninstagram.com/v/t51.29350-15/413430735_709842264445240_2131683712705127848_n.jpg?_nc_cat=107&ccb=1-7&_nc_sid=18de74&_nc_eui2=AeEwhjlUVExrKK97Y8lc9NxGr3VbO9aYg9ivdVs71piD2N5Zjvy1qYOTmnTRNBr7wbx3vuvXcPyhX1_WZZ_1KYbt&_nc_ohc=SIN1etqo3wIQ7kNvgFDjfes&_nc_ht=scontent.cdninstagram.com&edm=AL-3X8kEAAAA&oh=00_AYDlb0Ptc_c0gzoZ38bN2SBeidNxjZBzi5KVTvi6ugkp7g&oe=6651A9C0	Valeu Natalinaaaa, al√©m de natal √© o nosso anivers√°rio ehehehehe, eu te amo demais meu amor, eu quero estar com voc√™ em todos os momentos da vida, muito obrigado por me fazer feliz , eu te amo muitooo ‚ù§Ô∏è‚ù§Ô∏èüíïüíïüíï‚ù§Ô∏èüíï	2023-12-25T21:37:08+0000	https://www.instagram.com/p/C1SpXXIvw9O/	FEED		C1SpXXIvw9O	17841417530400616	gabgalani	2024-05-20	05	2024	20	1795264847972348420240520
8	17841425444516188	bodemeier.digital	18062694892504235	5	7	VIDEO	https://scontent.cdninstagram.com/o1/v/t16/f1/m82/BC45FCF87E7AB4F81BBDC8E70C979FB9_video_dashinit.mp4?efg=eyJ2ZW5jb2RlX3RhZyI6InZ0c192b2RfdXJsZ2VuLmNsaXBzLnVua25vd24tQzMuNTQ0LmRhc2hfYmFzZWxpbmVfMV92MSJ9&_nc_ht=scontent.cdninstagram.com&_nc_cat=103&vs=3586772431638125_3385842259&_nc_vs=HBksFQIYT2lnX3hwdl9yZWVsc19wZXJtYW5lbnRfcHJvZC9CQzQ1RkNGODdFN0FCNEY4MUJCREM4RTcwQzk3OUZCOV92aWRlb19kYXNoaW5pdC5tcDQVAALIAQAVAhg6cGFzc3Rocm91Z2hfZXZlcnN0b3JlL0dCLTNaeG5GZE5YWC1YTUJBR040RWR3LUFoWWpicV9FQUFBRhUCAsgBACgAGAAbAYgHdXNlX29pbAExFQAAJvrS37DXl5NBFQIoAkMzLBdAMGZmZmZmZhgSZGFzaF9iYXNlbGluZV8xX3YxEQB1AAA%3D&ccb=9-4&oh=00_AYDEUSUBLuBu1vA4BRE_oj7J9AjyOJS4YLBUiJ6PQ7bCEA&oe=664DC1E6&_nc_sid=1d576d	"‚ú®Aqui est√°: 

Mas primeiro j√° me segue para aprender as estrat√©gias que far√£o o seu perfil crescer esse ano!

Comente ‚ÄúCHATGPT‚Äù para receber os comandos no direct para copiar e colar.

Agora, aqui est√° os comandos que v√£o te ajudar

1Ô∏è‚É£Aumente as visualiza√ß√µes e o envolvimento dos stories no Instagram
üëâüèª - ‚ÄúGere 15 perguntas envolventes para usar em enquetes de hist√≥rias do Instagram, com op√ß√µes de enquete, sobre [t√≥pico]. Meu p√∫blico-alvo √© [p√∫blico-alvo]. Torne-os simples e divertidos e, ao mesmo tempo, forne√ßa informa√ß√µes relevantes sobre meu nicho e p√∫blico.‚Äù

Explique cada slide com o conte√∫do exato que devo usar, n√£o com instru√ß√µes, para que eu possa copiar e colar cada slide. ‚Äú

2Ô∏è‚É£Crie postagens envolventes
üëâüèª‚ÄúQuero compartilhar uma postagem no Instagram sobre [t√≥pico de nicho] para [p√∫blico-alvo], d√™-me 5 lutas detalhadas e relacion√°veis do ponto de vista deles. Mantenha-os breves, mas detalhados com detalhes que sejam identific√°veis. Depois de fornecer as 5 lutas, forne√ßa ideias de conte√∫do para cada uma delas.‚Äù

3Ô∏è‚É£Alcance novos seguidores do p√∫blico ideal com conte√∫do compartilh√°vel
üëâüèª - ‚ÄúEu [breve descri√ß√£o do que voc√™ faz e para quem]. Gere 10 postagens e v√≠deos envolventes no Instagram que meu p√∫blico-alvo desejar√° compartilhar com outras pessoas para que eu alcance novos clientes em potencial com mais rapidez.
Certifique-se de que sejam simples, mas √∫nicos e memor√°veis. Inclua um gancho cativante e um apelo √† a√ß√£o direto para cada ideia.

Comente ‚ÄúCHATGPT‚Äù para receber os comandos no direct para copiar e colar.

#marketing #marketingdigital #ia #chatgpt #marketingestrategico #design #designbr #designbrasileiro #movimento 
#chatgptprompts #chatgpttutorial
#criacaodeconteudo #cria√ß√£odeconte√∫docomia
#criacaodeconteudocomchatgpt #GPTStore
#ChatbotsPersonalizados #Inova√ß√£olA

SEO: Vida mais f√°cil, ChatGPT (IA), Acelerar cria√ß√£o, Conte√∫do eficiente, Marketing, Marketing digital, IA,
ChatGPT"	2024-02-09T13:00:00+0000	https://www.instagram.com/reel/C3IK23sudbS/	REELS	https://scontent.cdninstagram.com/v/t51.29350-15/426132500_1424017958195722_5403642390598997401_n.jpg?_nc_cat=106&ccb=1-7&_nc_sid=18de74&_nc_eui2=AeEo5dgFW7zzDEhwstukobg4gcED4Sc2WFGBwQPhJzZYUf9aRTu1R4pW4KCOl3M37CU5ChOEwiCRLS7QE7L1PMZN&_nc_ohc=sygIhOXEHiMQ7kNvgF-wPdZ&_nc_ht=scontent.cdninstagram.com&edm=AL-3X8kEAAAA&oh=00_AYAYQxtBk07p7wbw1qC3e7NYCwOJ2R_28-Dbf16sU2pjGQ&oe=6651ABD2	C3IK23sudbS	17841425444516188	bodemeier.digital	2024-05-20	05	2024	20	1806269489250423520240520
9	17841417530400616	gabgalani	18012911482864852	2	34	CAROUSEL_ALBUM	https://scontent.cdninstagram.com/v/t51.29350-15/403840449_714638450715671_8000635819614676478_n.jpg?_nc_cat=110&ccb=1-7&_nc_sid=18de74&_nc_eui2=AeHyxv1oMu0OHKWE4SstdbDGJnuWN60qcdAme5Y3rSpx0EAuvvhJG5us3IYmfcoV34YgPs2gTp9RZe21GLMacNrB&_nc_ohc=OHJZYLQzWIEQ7kNvgE2lKh5&_nc_ht=scontent.cdninstagram.com&edm=AL-3X8kEAAAA&oh=00_AYBb4cWU0-C_qKPf4VUFhVcaT6d2d89UFqLnsTbedvy-fA&oe=6651B304	"√â meu filho, mais um ano de vida! E √© um prazer imenso poder estar perto de voc√™, cuidar de voc√™ e poder te ver crescer, te ver evoluir e a cada dia se tornar mais uma crian√ßa incr√≠vel! 

Eu te amo muito meu amor!"	2023-11-22T16:02:35+0000	https://www.instagram.com/p/Cz9E2EOuuAe/	FEED		Cz9E2EOuuAe	17841417530400616	gabgalani	2024-05-20	05	2024	20	1801291148286485220240520
10	17841425444516188	bodemeier.digital	17870243565059503	0	6	VIDEO		"O que eu fa√ßo para ser uma social media mais produtiva: 

1. Tenho todos os processos da minha empresa separados de forma di√°ria, semanal e mensal (tenho post no perfil mostrando como eu separaria).

2. Minha equipe est√° ciente dos procesos e cada um tem sua tarefa dentro deles.

3. Nas segundas-feiras priorizo responder as demandas do final de semana (sempre s√£o muitas kkk)

4. No in√≠cio da manh√£ sempre alinho com minha gestora qual a pauta importante do dia, se houver.

5. Minha assistente sempre me manda logo cedo as reuni√µes do dia para relembrar e caso precise alinhar algo antes.

6. Sou melanc√≥lica, ent√£o quando adentro numa tarefa pode esquecer de mim que s√≥ volto ao mundo real quando terminar, ent√£o coloco as tarefas mais r√°pidas em primeiro lugar para n√£o me perder nas mais demoradas.

7. Tenho um grupo de check list das demandas, desde entrega de projetos at√© responder uma conversa espec√≠fica.
E voc√™, como andam seus processos? Eles te tornam mais produtiva?

#marketingdeconteudo #marketing  #marketingestrategico #design #designbr designgraficobrasileiro #designdigital #criacaodeconteudo
#empreendedorismo #empreender
#posicionamentodigital #branding #socialmedia
#crescerinstagram #crescernoinstagram #reels
#algoritmoinstagram #conteudodigital #storytelling #socialmediamarketing #socialmediacontent
#storiescriativos #estrategiadigital #socialmedia #socialmediabrasil #movimento"	2024-02-09T08:00:00+0000	https://www.instagram.com/reel/C3HodgQOkHJ/	REELS	https://scontent.cdninstagram.com/v/t51.29350-15/425782036_291574610603029_4622421858793358541_n.jpg?_nc_cat=101&ccb=1-7&_nc_sid=18de74&_nc_eui2=AeFkHU52XvFzYNGn3Tnj2Jj1Usmj6HO_oklSyaPoc7-iSRz1F-rCKZmE9uvyjhd-r8vGvSBci9w8wCQ9gOKEv14m&_nc_ohc=u2cmiyjmIHQQ7kNvgEx3xWj&_nc_ht=scontent.cdninstagram.com&edm=AL-3X8kEAAAA&oh=00_AYCnauUp9aUKote7zuPcnjTYWOV5d27sK2_UdXBAxqGePw&oe=6651AF2B	C3HodgQOkHJ	17841425444516188	bodemeier.digital	2024-05-20	05	2024	20	1787024356505950320240520
11	17841417530400616	gabgalani	18015261277785871	3	28	CAROUSEL_ALBUM	https://scontent.cdninstagram.com/v/t51.29350-15/398663136_349849537434798_4549962385295905512_n.jpg?_nc_cat=100&ccb=1-7&_nc_sid=18de74&_nc_eui2=AeGf2pkr4BM3t0sxh5UGCfJgtA5sjBMsYxW0DmyMEyxjFcQ5k_K5FUkJLOqthyvDABsVszDbPsbjpsahxl4B2OT5&_nc_ohc=iEu1sn3AUU8Q7kNvgGF02sZ&_nc_ht=scontent.cdninstagram.com&edm=AL-3X8kEAAAA&oh=00_AYBO8ikyI0lMzpZ0HVIcEEuX8-cIkV3S7CsdXVDiPga0IA&oe=6651B030	Parab√©ns pai, que Deus te aben√ßoe muito, te ilumine e guie sempre! Que voc√™ continue crescendo e evoluindo a cada dia, que seus sonhos e objetivos sejam alcan√ßados pai! Quero te agradecer por me ensinar muitas li√ß√µes, mas a que eu levo e guardo dentro do meu cora√ß√£o √© ‚ÄòSer sempre a favor da fam√≠lia, fam√≠lia em primeiro lugar‚Äô! Eu te amo pai ‚ù§Ô∏è‚ù§Ô∏è	2023-11-02T20:16:53+0000	https://www.instagram.com/p/CzKCDLlPV9s/	FEED		CzKCDLlPV9s	17841417530400616	gabgalani	2024-05-20	05	2024	20	1801526127778587120240520
12	17841425444516188	bodemeier.digital	17897388878957061	0	8	VIDEO		"1. Salve para mais tarde

2. Siga @bodemeier.digital para mais dicas di√°rias de conte√∫do 

‚ÄºÔ∏è Agora aprenda a conquistar sua audi√™ncia logo de cara com frases que conectam e geram curiosidade fazendo com que seu p√∫blico seja atra√≠do para ficar nos seus stories at√© o final.

‚úÖ Voc√™ n√£o vai acreditar no que est√° prestes a ver...

‚ú® Crie a expectativa logo no in√≠cio para despertar a curiosidade dos seus seguidores. Eles v√£o querer saber o que √© t√£o surpreendente!

‚úÖQuer uma dica incr√≠vel para [inserir t√≥pico]? Fique comigo at√© o final que vou te contar todos os detalhes!‚Äù - Ofere√ßa um benef√≠cio logo de in√≠cio e prometa dicas valiosas. Assim, sua audi√™ncia ficar√° engajada para ver todas as suas dicas.

‚úÖProntos para conhecer uma hist√≥ria inspiradora que vai mudar sua perspectiva para despertar o interesse em hist√≥rias que tragam valor aos seus sequidores.

‚úÖSegredos revelados! Vou compartilhar com voc√™s uma estrat√©gia poderosa para [inserir objetivo]. Se voc√™ quer saber mais, continue assistindo!‚Äù - As pessoas adoram segredos e estrat√©gias eficientes. Ao usar essa frase, voc√™ vai instigar sua audi√™ncia a ver o restante dos seus Stories.

‚úÖHoje √© dia de uma surpresa especial!
Continue nos stories e descubra como voc√™ pode ganhar [inserir pr√™mio]. N√£o perca!‚Äù - Todos amam surpresas e pr√™mios! Use essa frase para criar expectativa e incentivar seus seguidores a assistir aos seus Stories at√© o final.

‚úàÔ∏è Pronto para agregar valor e engajar sua audi√™ncia com essas frases incr√≠veis? Comece a utilizar hoje mesmo e conquiste mais visualiza√ß√µes e intera√ß√µes nos seus stories.

#marketingdeconteudo #criacaodeconteudo
#empreendedorismo #empreender
#posicionamentodigital #branding #socialmedia
#crescerinstagram #crescernoinstagram #reels
#algoritmoinstagram #conteudodigital #storytelling #socialmediamarketing #socialmediacontent
#storiescriativos #estrategiadigital #socialmedia #socialmediabr"	2024-02-08T23:50:43+0000	https://www.instagram.com/reel/C3Gv5RDOVPh/	REELS	https://scontent.cdninstagram.com/v/t51.29350-15/425544912_1430652750991724_339197257713743506_n.jpg?_nc_cat=109&ccb=1-7&_nc_sid=18de74&_nc_eui2=AeGI2oxgsloldjT68MhqEjm50HjeHHoDZbTQeN4cegNltP_x6iNsiVSfrpFQhF46xeA2m2Q7k1KSJ6WMjg7F0mr8&_nc_ohc=snpnbJ0HDwIQ7kNvgGJpYy-&_nc_ht=scontent.cdninstagram.com&edm=AL-3X8kEAAAA&oh=00_AYCtG4Vu1QHZEOX8ekGFkmAd-G0aUJYZXUAhYsVwqvgxtA&oe=66519AA1	C3Gv5RDOVPh	17841425444516188	bodemeier.digital	2024-05-20	05	2024	20	1789738887895706120240520
13	17841417530400616	gabgalani	18213009469271569	1	17	IMAGE	https://scontent.cdninstagram.com/v/t51.29350-15/395232986_301910139454975_4123444772655771697_n.jpg?_nc_cat=106&ccb=1-7&_nc_sid=18de74&_nc_eui2=AeGcpnrqpvuftEg9FWf4QkLbAKF4hQBfEboAoXiFAF8RumMR4CSB8wIKkUfQpME2i3RKh5TohOS6mYPX-6ntXQZo&_nc_ohc=VDlLgjAPJdQQ7kNvgGKxcGf&_nc_ht=scontent.cdninstagram.com&edm=AL-3X8kEAAAA&oh=00_AYCsAsfXG65XgPIwvMrah-c_wqytSxIEBcZJ-PhTYLA_1Q&oe=6651B457	Voc√™ √© uma mulher incr√≠vel, uma mulher cheia de felicidade, sorrisos e alegria, voc√™ √© contagiante e apaixonante! Tenho sorte de compartilhar a vida com voc√™, voc√™ √© meu tcham! Eu te amo muito ‚ù§Ô∏è‚ù§Ô∏è‚ù§Ô∏è‚ù§Ô∏è	2023-10-25T11:29:43+0000	https://www.instagram.com/p/Cy0fXBGuEs7/	FEED		Cy0fXBGuEs7	17841417530400616	gabgalani	2024-05-20	05	2024	20	1821300946927156920240520
14	17841425444516188	bodemeier.digital	18214911715272967	0	7	IMAGE	https://scontent.cdninstagram.com/v/t39.30808-6/424680292_18030118204848151_6875202763538173042_n.jpg?_nc_cat=111&ccb=1-7&_nc_sid=18de74&_nc_eui2=AeGASOtPuxk21hoYRSr7F55QnWbPkSxEv_qdZs-RLES_-gI0gytXtumeYibxzRTTSk7Q0Ki1p641chTEZvWEB5Gq&_nc_ohc=LyGLnjSXxEoQ7kNvgHrVgF3&_nc_ht=scontent.cdninstagram.com&edm=AL-3X8kEAAAA&oh=00_AYBj4okqDDn57pTKrx2GSDSVIAodglMLka4720fiakGdsQ&oe=6651C1C6	"Voc√™ busca frequentemente como melhorar o engajamento nas suas redes sociais? 

Veja aqui est√£o algumas dicas valiosas que separei para voc√™s! 

1Ô∏è‚É£ Palavra-chave: Use palavras-chave relevantes em suas postagens e hashtags para aumentar a visibilidade e atrair o p√∫blico certo.

2Ô∏è‚É£ Redes Sociais: Escolha a rede social certa para o seu p√∫blico. Cada plataforma tem um p√∫blico diferente e requer uma abordagem diferente.

3Ô∏è‚É£ Assuntos Certos: Fale sobre assuntos que interessam ao seu p√∫blico. Isso aumentar√° o engajamento e far√° com que seu p√∫blico se sinta mais conectado √† sua marca.

4Ô∏è‚É£ Benchmarking: Observe o que outras marcas bem-sucedidas est√£o fazendo e aprenda com elas. N√£o tenha medo de experimentar novas estrat√©gias.

5Ô∏è‚É£ Fazer Perguntas: Incentive a intera√ß√£o fazendo perguntas em suas postagens. Isso n√£o s√≥ aumentar√° o engajamento, mas tamb√©m fornecer√° insights valiosos sobre o seu p√∫blico.

Lembre-se, o engajamento √© a chave para o sucesso nas redes sociais. Comece a implementar essas estrat√©gias hoje mesmo e veja a diferen√ßa que elas podem fazer! üöÄ

#Engajamento #PalavraChave #RedesSociais #AssuntosCertos #Benchmarking #FazerPerguntas #MarketingDigital #SEO #Copywriting #CTA"	2024-02-02T18:15:40+0000	https://www.instagram.com/p/C22tT4Kufng/	FEED		C22tT4Kufng	17841425444516188	bodemeier.digital	2024-05-20	05	2024	20	1821491171527296720240520
15	17841417530400616	gabgalani	17874981800973868	3	12	IMAGE	https://scontent.cdninstagram.com/v/t51.29350-15/387268238_1545092269566205_6962056076460015150_n.jpg?_nc_cat=101&ccb=1-7&_nc_sid=18de74&_nc_eui2=AeGlDtz-OjreeBvGs9OKxxFHeFWTeoEKzAV4VZN6gQrMBX2A8s4_l0sfBCcHpElhX_Yy_U06YkqbuVSIzPFkEcnT&_nc_ohc=x8y6o9u3s7UQ7kNvgH_aDXb&_nc_ht=scontent.cdninstagram.com&edm=AL-3X8kEAAAA&oh=00_AYDnLZFPHu8Jp2ft_ytaeOhAkAJGZrMElb7yVYUbns6fnw&oe=665195B2	Eu tenho sorte de ter voc√™ na minha vida, voc√™ √© uma mulher maravilhosa que eu me apaixono cada dia mais e cada dia de uma forma diferente. Obrigado por estar na minha vida e me fazer o homem mais feliz do mundo, eu te amo muito‚ù§Ô∏è‚ù§Ô∏è‚ù§Ô∏è‚ù§Ô∏è‚Äçüî•üíì‚ù£Ô∏è‚ù£Ô∏è‚ù§Ô∏è‚Äçüî•‚ù§Ô∏è‚Äçüî•	2023-10-09T02:45:43+0000	https://www.instagram.com/p/CyKWrKruIPY/	FEED		CyKWrKruIPY	17841417530400616	gabgalani	2024-05-20	05	2024	20	1787498180097386820240520
16	17841425444516188	bodemeier.digital	17905338809918494	1	17	VIDEO	https://scontent.cdninstagram.com/o1/v/t16/f1/m82/814CF62E89CAC7BE951860F80623838B_video_dashinit.mp4?efg=eyJ2ZW5jb2RlX3RhZyI6InZ0c192b2RfdXJsZ2VuLmNsaXBzLnVua25vd24tQzMuNzIwLmRhc2hfYmFzZWxpbmVfMV92MSJ9&_nc_ht=scontent.cdninstagram.com&_nc_cat=103&vs=748853806828504_4000082182&_nc_vs=HBksFQIYT2lnX3hwdl9yZWVsc19wZXJtYW5lbnRfcHJvZC84MTRDRjYyRTg5Q0FDN0JFOTUxODYwRjgwNjIzODM4Ql92aWRlb19kYXNoaW5pdC5tcDQVAALIAQAVAhg6cGFzc3Rocm91Z2hfZXZlcnN0b3JlL0dCLTNOaG1rbXlLS3ppb0RBRmtnaE1XWVNLQXhicV9FQUFBRhUCAsgBACgAGAAbAYgHdXNlX29pbAExFQAAJszvrfGBmOI%2FFQIoAkMzLBdASUzMzMzMzRgSZGFzaF9iYXNlbGluZV8xX3YxEQB1AAA%3D&ccb=9-4&oh=00_AYAxHSIJ_BeU-7bzoSWVQ5CZ0Y4FSTJ7r8UHSjGe4UTiNA&oe=664DB25A&_nc_sid=1d576d	"Afinal, como conseguir ter mais engajamento org√¢nico no seu perfil? 

Voc√™ j√° tentou diversas formas de conseguir aumentar a sua visibilidade e intera√ß√µes dos seus seguidores com a sua marca, n√©? 

Assistindo ao v√≠deo, voc√™ ter√° uma melhor clareza de como fazer de forma eficaz e org√¢nica que o seu p√∫blico tenha uma maior troca com o seu perfil. 

#engajamentoinsta #engajar #organico #trafegoorganico #comunidade #dicasdeinstagram #descubra #marketing #marketingdigital #socialmedia #estrat√©gias #estrategistadigital #crescimentoprofissional"	2024-01-31T21:00:00+0000	https://www.instagram.com/reel/C2x2lwxu3vc/	REELS	https://scontent.cdninstagram.com/v/t51.29350-15/424474987_225603020619647_9071264735345686600_n.jpg?_nc_cat=111&ccb=1-7&_nc_sid=18de74&_nc_eui2=AeHPVxLNLBytqwUDOa4QuB_RvrwTXK0WEsa-vBNcrRYSxkVkMjgsm6TAHXQVSdElKBAAI-B1m8rb-FfZHMhk57PF&_nc_ohc=HvrRR0U_VigQ7kNvgFLFvQw&_nc_ht=scontent.cdninstagram.com&edm=AL-3X8kEAAAA&oh=00_AYCctV4a7j5MqBEKdcJojEuCpImmKlYB8f-2nqzq37Cipw&oe=66518D73	C2x2lwxu3vc	17841425444516188	bodemeier.digital	2024-05-20	05	2024	20	1790533880991849420240520
17	17841417530400616	gabgalani	18316677496102466	1	23	CAROUSEL_ALBUM	https://scontent.cdninstagram.com/v/t51.29350-15/382569904_985728812683590_7949882278049193697_n.jpg?_nc_cat=101&ccb=1-7&_nc_sid=18de74&_nc_eui2=AeEsNRlPLsZUgIGPHNV2ED5pvKF8G7aX7nm8oXwbtpfueS7ivvoX-bw89Lp3wa2EpCxUWOJCeuwdzyKES45Je-7l&_nc_ohc=DjembQi8_f4Q7kNvgFm7jI_&_nc_ht=scontent.cdninstagram.com&edm=AL-3X8kEAAAA&oh=00_AYA2WYB1GL9QbnjIecpCsWdRnZmEq50bU6819AUOaitsqw&oe=6651A1F3	Parab√©ns para n√≥s meu amor, eu amo passar a vida com voc√™ e ter voc√™ ao meu lado, eu te amo muito, muito muito ‚ù§Ô∏è‚ù§Ô∏è‚ù§Ô∏è‚ù§Ô∏è	2023-09-25T20:36:30+0000	https://www.instagram.com/p/CxoOFoHv--P/	FEED		CxoOFoHv--P	17841417530400616	gabgalani	2024-05-20	05	2024	20	1831667749610246620240520
18	17841425444516188	bodemeier.digital	17912491130893668	0	6	IMAGE	https://scontent.cdninstagram.com/v/t39.30808-6/424655148_18029827717848151_2219007065444580454_n.jpg?_nc_cat=103&ccb=1-7&_nc_sid=18de74&_nc_eui2=AeEM-eb6XPhWmj0EybKl4cr_oLJsZBYJ8E2gsmxkFgnwTUJCGULgBlaG5lnBXmFgSbwZ5ayeU20QV9vqNGyWKOGL&_nc_ohc=H52GvcbmatoQ7kNvgGagvv7&_nc_ht=scontent.cdninstagram.com&edm=AL-3X8kEAAAA&oh=00_AYDiHnTGG0pSXKDLf3WkOiVLHcXSxw4EW-Z7UZZJWmJfqQ&oe=6651A2F8	"Dicion√°rio
Buscando por: Designer üíª 

No mundo das redes sociais, um designer desempenha um papel crucial na cria√ß√£o de conte√∫do visual atraente que pode aumentar o engajamento e atrair mais seguidores. Seja criando gr√°ficos para postagens, projetando capas de destaque para o Instagram, ou desenvolvendo imagens para campanhas publicit√°rias, um designer pode ajudar a elevar a presen√ßa online de uma marca para o pr√≥ximo n√≠vel. üöÄ 

#Designer #RedesSociais #MarketingDigital #SEO #Copywriting #PalavrasChave #CTA"	2024-01-31T01:00:00+0000	https://www.instagram.com/p/C2vtNm_O2Y3/	FEED		C2vtNm_O2Y3	17841425444516188	bodemeier.digital	2024-05-20	05	2024	20	1791249113089366820240520
19	17841417530400616	gabgalani	18049683463435392	2	15	CAROUSEL_ALBUM	https://scontent.cdninstagram.com/v/t51.29350-15/370910288_288225613827976_5037436504249466149_n.jpg?_nc_cat=100&ccb=1-7&_nc_sid=18de74&_nc_eui2=AeFP0hSfUVw-dBhVzHC_sB9bdX97HnvAt8J1f3see8C3wrt3r9ydrAB1xnMT76A2nBO_2--hSVle7jcCNm46WNFJ&_nc_ohc=hRgyd3cB-VsQ7kNvgHmT4UZ&_nc_ht=scontent.cdninstagram.com&edm=AL-3X8kEAAAA&oh=00_AYAjdInU71AH5PoQs9lDD7Twtteb-QknncNBUi85Ytl4Pw&oe=6651A680	"Meu amor, eu quero te amar, quero poder te fazer minha rainha, pois mesmo eu n√£o sendo um rei, voc√™ √© minha rainha. 

Obrigado por ser esse brilho, por brilhar com um diamante, um tesouro. 

Voc√™ √© incr√≠vel, e eu posso ver eu e voc√™ velhinhos em duas cadeiras de balan√ßo, falando sobre o tempo e de como nos encontrar foi a melhor coisa que nos acontceu! 

Eu te amo! N√£o h√° nada melhor para parabenizar um dia de amor, amando! <3"	2023-08-25T11:05:18+0000	https://www.instagram.com/p/CwXYE3kudmn/	FEED		CwXYE3kudmn	17841417530400616	gabgalani	2024-05-20	05	2024	20	1804968346343539220240520
20	17841425444516188	bodemeier.digital	18020750125974446	1	6	IMAGE	https://scontent.cdninstagram.com/v/t39.30808-6/424747570_18029827645848151_5079697119245153102_n.jpg?_nc_cat=107&ccb=1-7&_nc_sid=18de74&_nc_eui2=AeF7ndu1S5pyQzIc06RRlYycGcxpZcuRYnkZzGlly5FieV0LNh61bqTzq8SJeZE7ivaHboagNoKcL7KechcL-f2v&_nc_ohc=BFg4rDm1yEAQ7kNvgFV0Ato&_nc_oc=AdjecW5bPC219z0XfJXttGV0Gawe8bFgDTVjIsfj83RVJccNGtEcb3mY6Sbz348dqchfALxTUl75HFMgK8_ml2c_&_nc_ht=scontent.cdninstagram.com&edm=AL-3X8kEAAAA&oh=00_AYBWjukjCCOineLiob9RNBiHNeiPuuS5vSyRbejr0VtV3g&oe=665191FB	"Dicion√°rio
Buscando por: Social Media ‚ú® 

No mundo das redes sociais, um Social Media desempenha um papel crucial na cria√ß√£o de uma presen√ßa online forte e atraente que pode aumentar o engajamento e atrair mais seguidores. Seja criando conte√∫do envolvente, planejando uma estrat√©gia de marketing digital eficaz, ou gerenciando a comunica√ß√£o da empresa nas redes sociais, um Social Media pode ajudar a elevar a presen√ßa online de uma marca para o pr√≥ximo n√≠vel. üöÄ 

#SocialMedia #RedesSociais #MarketingDigital #SEO #Copywriting #PalavrasChave #CTA"	2024-01-30T22:00:00+0000	https://www.instagram.com/p/C2vYno_OvzF/	FEED		C2vYno_OvzF	17841425444516188	bodemeier.digital	2024-05-20	05	2024	20	1802075012597444620240520
21	17841417530400616	gabgalani	17993063657129058	4	35	CAROUSEL_ALBUM	https://scontent.cdninstagram.com/v/t51.29350-15/366547461_988186815637283_236026984946529966_n.jpg?_nc_cat=105&ccb=1-7&_nc_sid=18de74&_nc_eui2=AeEsfVCiSoVPisWD-V1zrrpLmKtjPzGuaBuYq2M_Ma5oGy4Wsj5ofvR6wnZHt23BgdVwzKh9ETl5s9khJzxS_uuD&_nc_ohc=zUPw_hzFzVsQ7kNvgHNF50r&_nc_ht=scontent.cdninstagram.com&edm=AL-3X8kEAAAA&oh=00_AYAUXlzoUWTsBSLvbihGrGQVO0do2p3RLnmnXm9siTKOzA&oe=665196B8	"Pai √© aquele que te apoia, te d√° amor, que √© o seu melhor amigo, que vibra com suas vit√≥rias e chora suas derrotas, mas sempre est√° l√° independente da situa√ß√£o. Quando meu filho nasceu, eu entendi uma parte do sentido da vida, que √© ver meu filho crescer, ser feliz e proteger com toda minha vida esse ser humaninho. Aprendi tamb√©m, que o √öNICO HOMEM que quer te ver melhor que ele √© seu pai e ponto final. 

Hoje eu quero deixar meus parab√©ns √† todos os pais, os que est√£o perto e os que se fazem perto mesmo de longe! Sei que muitos pais, n√£o podem estar perto dos seus filhos, n√£o por que n√£o querem, mas por ‚Äúfor√ßa maior‚Äù (quem passa, sabe do que eu t√¥ falando). 

Em especial, parab√©ns ao meu pai e ao meu av√¥, eu amo muito voc√™s ‚ù§Ô∏è‚ù§Ô∏è"	2023-08-13T15:01:38+0000	https://www.instagram.com/p/Cv45lYDu9ce/	FEED		Cv45lYDu9ce	17841417530400616	gabgalani	2024-05-20	05	2024	20	1799306365712905820240520
22	17841425444516188	bodemeier.digital	17869447275058315	1	5	IMAGE	https://scontent.cdninstagram.com/v/t39.30808-6/424625976_18029827072848151_9205554114360031725_n.jpg?_nc_cat=111&ccb=1-7&_nc_sid=18de74&_nc_eui2=AeHFR0gGMit7a4QTqz566wjatExvf7P41Dq0TG9_s_jUOiTNCLNT3GRwJ87KjZwMcPNpdlEgox0IWUi5-O87dM_K&_nc_ohc=skIIfCTrpsEQ7kNvgE2FhhH&_nc_ht=scontent.cdninstagram.com&edm=AL-3X8kEAAAA&oh=00_AYCeANiUGSq0-CszcRPtTf0tH2DtI7_xuRrd_VeEh9PFFg&oe=66519316	"Dicion√°rio
Buscando por: Marketing üöÄ

No mundo das redes sociais, o marketing desempenha um papel crucial na cria√ß√£o de uma presen√ßa online forte e atraente que pode aumentar o engajamento e atrair mais seguidores. Seja realizando pesquisas de mercado, planejando uma estrat√©gia de marketing digital eficaz, ou gerenciando a comunica√ß√£o da empresa nas redes sociais, um profissional de marketing pode ajudar a elevar a presen√ßa online de uma marca para o pr√≥ximo n√≠vel. üöÄ

#Marketing #RedesSociais #PesquisaDeMercado #Estrat√©gia #Comunica√ß√£o #Engajamento #SEO #Copywriting #PalavrasChave #CTA"	2024-01-30T18:41:30+0000	https://www.instagram.com/p/C2vB4Zsu2um/	FEED		C2vB4Zsu2um	17841425444516188	bodemeier.digital	2024-05-20	05	2024	20	1786944727505831520240520
23	17841417530400616	gabgalani	18026225206521222	1	19	IMAGE	https://scontent.cdninstagram.com/v/t51.29350-15/348861315_914785226481847_483111105729068131_n.jpg?_nc_cat=102&ccb=1-7&_nc_sid=18de74&_nc_eui2=AeERXwb156oF23gf9w-xIe36QZe2mD5WC3hBl7aYPlYLeBlvEV7Do7-R2KKDukY0cG57Ijt3fivMzT7mTjXAwQ3V&_nc_ohc=rlqM4HMu3B4Q7kNvgHEsuM4&_nc_ht=scontent.cdninstagram.com&edm=AL-3X8kEAAAA&oh=00_AYD3H5oJGznEw4hjl5paJ8sdC14eIC_hDR3KzB3ldwZMTw&oe=66519596	Eu te amo meu amor, muito obrigado por ser essa mulher incr√≠vel e me fazer o homem mais feliz do mundo ‚ù§Ô∏è‚ù§Ô∏è‚ù§Ô∏è‚ù§Ô∏è Feliz nosso dia üéâüéâ	2023-05-25T11:39:31+0000	https://www.instagram.com/p/Csqi265OEtC/	FEED		Csqi265OEtC	17841417530400616	gabgalani	2024-05-20	05	2024	20	1802622520652122220240520
24	17841425444516188	bodemeier.digital	18030343753699664	0	15	VIDEO		"Acredite ‚ú®

Acredite em si mesma e mantenha-se firme, nada √© mais poderoso do que a determina√ß√£o e a continuidade."	2024-01-26T13:22:20+0000	https://www.instagram.com/reel/C2vEDVku7sa/	REELS	https://scontent.cdninstagram.com/v/t51.29350-15/420358485_1100948784660032_2746129811233948403_n.jpg?_nc_cat=110&ccb=1-7&_nc_sid=18de74&_nc_eui2=AeE-CjYIYFHrMEYqZrW0orIsq4eKdgPgcxKrh4p2A-BzEmY_gKp1iSjo5hfxtHA6yiPjwqUEWcZof7adGb5lLtes&_nc_ohc=4_ksJo1o5SAQ7kNvgFjYgtU&_nc_ht=scontent.cdninstagram.com&edm=AL-3X8kEAAAA&oh=00_AYA0q43cdoMkql9hLoVkdgDdpaSohvSfEtlFmXuqhH-oZQ&oe=6651A277	C2vEDVku7sa	17841425444516188	bodemeier.digital	2024-05-20	05	2024	20	1803034375369966420240520
25	17841417530400616	gabgalani	18242719579162133	1	34	CAROUSEL_ALBUM	https://scontent.cdninstagram.com/v/t51.29350-15/346924772_627597778914104_7007956842591325320_n.jpg?_nc_cat=101&ccb=1-7&_nc_sid=18de74&_nc_eui2=AeH8fCdZk2dttIhHstsQmBhsXCJq7lDVy7ZcImruUNXLts65xspI4qCjz-08GA9p0PmiBkBYEdmm8wmxPozjldtT&_nc_ohc=VNI8B7hqrI8Q7kNvgGVaSvD&_nc_ht=scontent.cdninstagram.com&edm=AL-3X8kEAAAA&oh=00_AYD-7WJrxgDbeM8yffG45MAzSQzJkvxkTskm7metaqdhCQ&oe=6651B0A5	"Essa √© pra minha m√£e‚Ä¶ 

M√£e, voc√™ sabe que todos os dias sao seus que voc√™ √© especial e que eu te amo muito! Ent√£o todas as palavras que eu usar aqui, ser√£o pl√°gio de mim mesmo, pois gosto de refor√ßar Isso para voc√™ todos os dias.  Por√©m, eu quero te dizer hoje obrigado! Obrigado por ter cuidado de mim, obrigado por ter me criado, obrigado por ter me feito crescer e me tornar o que eu sou hoje. Sou grato por cada segundo com voc√™, sou grato por sempre se fazer presente mesmo eu estando longe. 

Eu te amo muito! ‚ù§Ô∏èüíï‚ù§Ô∏è‚ù§Ô∏è‚ù£Ô∏è‚ù£Ô∏èüíùüíï‚ù£Ô∏è‚ù£Ô∏è"	2023-05-14T16:38:41+0000	https://www.instagram.com/p/CsOwWigufjY/	FEED		CsOwWigufjY	17841417530400616	gabgalani	2024-05-20	05	2024	20	1824271957916213320240520
26	17841425444516188	bodemeier.digital	18012618164496765	1	6	IMAGE	https://scontent.cdninstagram.com/v/t39.30808-6/420734529_18028943890848151_1554947931807235224_n.jpg?_nc_cat=110&ccb=1-7&_nc_sid=18de74&_nc_eui2=AeHn4TtX0CsGWyHaowXAhNhSMgXnOx2DA1syBec7HYMDWyR-LM3Wyy4cL_Xmj6flcERlfdsmSYw-8oXvE4qrsFuV&_nc_ohc=1gcv8wQPmokQ7kNvgHYQ6Yl&_nc_ht=scontent.cdninstagram.com&edm=AL-3X8kEAAAA&oh=00_AYDznfc9RY4NdaqjVUJge6ZbGrf1aWaoHtUClCGRvQi4GA&oe=6651928A	"üî• A import√¢ncia do planejamento para as redes sociais üî•
 
1Ô∏è‚É£ Objetivos claros: O planejamento ajuda a definir objetivos claros para suas redes sociais. Saber o que voc√™ quer alcan√ßar √© o primeiro passo para o sucesso.

2Ô∏è‚É£ Estrat√©gia eficaz: Com um bom planejamento, voc√™ pode desenvolver uma estrat√©gia de m√≠dia social eficaz que aumente a visibilidade da sua marca, engaje seu p√∫blico e impulsione as vendas.

3Ô∏è‚É£ Conte√∫do de qualidade: O planejamento permite que voc√™ crie um calend√°rio de conte√∫do, garantindo que voc√™ tenha sempre conte√∫do relevante e envolvente para postar.

4Ô∏è‚É£ An√°lise de dados: Com um planejamento eficaz, voc√™ pode acompanhar e analisar o desempenho das suas postagens e campanhas de m√≠dia social, fornecendo insights valiosos que podem ajudar a melhorar suas futuras estrat√©gias de marketing.

5Ô∏è‚É£ Gest√£o de crise: Em tempos de crise, um bom planejamento pode ajudar a gerenciar a comunica√ß√£o da sua empresa nas redes sociais, protegendo a reputa√ß√£o da sua marca.

N√£o subestime o poder do planejamento! Comece a planejar suas estrat√©gias de m√≠dia social hoje mesmo e veja a diferen√ßa que isso pode fazer! üöÄ

#Planejamento #RedesSociais #Estrat√©gia #Conte√∫doDeQualidade #An√°liseDeDados #Gest√£oDeCrise #MarketingDigital #SEO #Copywriting #PalavrasChave #CTA"	2024-01-25T19:00:00+0000	https://www.instagram.com/p/C2cLltNuoLq/	FEED		C2cLltNuoLq	17841425444516188	bodemeier.digital	2024-05-20	05	2024	20	1801261816449676520240520
27	17841417530400616	gabgalani	17960339570278289	7	18	CAROUSEL_ALBUM	https://scontent.cdninstagram.com/v/t51.29350-15/339186503_503425878500091_8141576714895498315_n.jpg?_nc_cat=111&ccb=1-7&_nc_sid=18de74&_nc_eui2=AeEzGzzD31fv5Lb9yE0b32Jh8g24qY2QFXHyDbipjZAVcSOKM42oEzuHbCXecNVEvYZ_uuqgwr_F2q556FWVRLvp&_nc_ohc=K8X1k8Rorv4Q7kNvgGEbzqN&_nc_ht=scontent.cdninstagram.com&edm=AL-3X8kEAAAA&oh=00_AYCXhXCYWuhVN17tGTz7om9VwUa-u6fgvPC7GHKQFV1SYg&oe=6651B9CC	"Ihuuuul parabeeeeeens pra voc√™!!!! Parab√©ns meu amoooor, parab√©ns pelo seu dia, parab√©ns por completar mais uma primavera! Quero te desejar muita felicidade, paz, alegria e sa√∫de meu amor, que Deus continue aben√ßoando muito voc√™, que voc√™ tenha muitas conquistas, felicidade e muito amor minha princesa. 

Desejo que voc√™ conquiste todos os seus sonhos, que voc√™ seja cada vez mais forte, que voc√™ brilhe e aproveite cada segundo que a vida te da meu amor, que voc√™ tenha coragem para arriscar e alcan√ßar o inimagin√°vel, que voc√™ tenha discernimento para tomar suas escolhas meu amor. Que sua f√© seja a cada dia mais inabal√°vel!! 

O amanh√£ √© hoje, os seus sonhos se realizam a cada dia ent√£o meu amor, aproveite cada segundo de todos os seus dias e hoje, principalmente, que voc√™ tenha um dia maravilhoso cheio de coisas boas e sentimentos bons pois voc√™ merece o melhor que o mundo pode proporcionar, eu te amo demais! 

Meus parab√©ns meu amor!!!!!!!!!!!! ü•≥ü•≥ü•≥ü•≥ü•≥ü•≥ü•≥ü•≥ü•≥ü•≥‚ù§Ô∏èüíùüíùüíùüíñüíñ‚ù§Ô∏è‚Äçüî•üíìüíùüíñ‚ù§Ô∏è‚Äçüî•üíûüíòüíóüíû‚ù§Ô∏è‚Äçüî•‚ù§Ô∏è‚Äçüî•‚ù£Ô∏è"	2023-04-03T11:41:54+0000	https://www.instagram.com/p/Cqkpy6nuX5q/	FEED		Cqkpy6nuX5q	17841417530400616	gabgalani	2024-05-20	05	2024	20	1796033957027828920240520
28	17841425444516188	bodemeier.digital	18020150257990451	0	5	IMAGE	https://scontent.cdninstagram.com/v/t39.30808-6/421764220_18029228947848151_8469148160752445533_n.jpg?_nc_cat=101&ccb=1-7&_nc_sid=18de74&_nc_eui2=AeEUyIZfej6VKN0n-C548ztCf5qJVvIxsi5_molW8jGyLnM-YjhWwL9frgGCMxKKkURCQEDlRNtbcYQeBwsQZeSL&_nc_ohc=_j9fRiNPXagQ7kNvgG1XNgu&_nc_ht=scontent.cdninstagram.com&edm=AL-3X8kEAAAA&oh=00_AYDarz44qcL3O6IvomRZNPM3MfRNGBbIe9oUen71QG3xgw&oe=6651A343	"üî• Como ter um Social Media pode fazer a diferen√ßa no seu dia a dia e para a sua empresa? üî•

1Ô∏è‚É£ Economia de tempo: Gerenciar v√°rias contas de redes sociais pode ser demorado. Um profissional de Social Media pode cuidar disso para voc√™, liberando seu tempo para se concentrar em outras √°reas do seu neg√≥cio.

2Ô∏è‚É£ Estrat√©gia eficaz: Um Social Media profissional sabe como criar uma estrat√©gia de m√≠dia social eficaz que pode aumentar a visibilidade da sua marca, engajar seu p√∫blico e impulsionar as vendas.

3Ô∏è‚É£ Conte√∫do de qualidade: Criar conte√∫do envolvente e relevante regularmente pode ser um desafio. Um Social Media profissional tem a experi√™ncia e as habilidades necess√°rias para criar conte√∫do de alta qualidade que ressoar√° com seu p√∫blico.

4Ô∏è‚É£ An√°lise de dados: Um Social Media profissional pode acompanhar e analisar o desempenho das suas postagens e campanhas de m√≠dia social, fornecendo insights valiosos que podem ajudar a melhorar suas futuras estrat√©gias de marketing.

5Ô∏è‚É£ Gest√£o de crise: Em tempos de crise, um Social Media profissional pode ajudar a gerenciar a comunica√ß√£o da sua empresa nas redes sociais, protegendo a reputa√ß√£o da sua marca. 

N√£o espere mais! Descubra como um Social Media profissional pode fazer a diferen√ßa no seu dia a dia e para a sua empresa hoje mesmo! üöÄ

#SocialMedia #EconomiaDeTempo #Estrat√©gia #Conte√∫doDeQualidade #An√°liseDeDados #Gest√£oDeCrise #MarketingDigital #SEO #Copywriting #PalavrasChave #CTA"	2024-01-24T21:12:16+0000	https://www.instagram.com/p/C2f2XaIudHv/	FEED		C2f2XaIudHv	17841425444516188	bodemeier.digital	2024-05-20	05	2024	20	1802015025799045120240520
29	17841417530400616	gabgalani	17974803809001845	2	22	IMAGE	https://scontent.cdninstagram.com/v/t51.29350-15/336944576_709998427528225_3905109337293064988_n.jpg?_nc_cat=104&ccb=1-7&_nc_sid=18de74&_nc_eui2=AeEOKjcnT15epfyGyJ437r-AAK6c8Grq870ArpzwaurzvdrmtQij24Qbz7LC4sI3nY_CykzgJFU9cTimpD-q-JRK&_nc_ohc=fRr5o-aI35gQ7kNvgHejzEu&_nc_ht=scontent.cdninstagram.com&edm=AL-3X8kEAAAA&oh=00_AYDk4sXtff2kk0T_rjTBGreJVH6-fnLkPrYUYJLa1AKfbA&oe=66519685	Meu amor, eu sou muito grato por ter voc√™ na minha vida, por ter voc√™ comigo, por compartilhar cada dia da minha vida com voc√™! Voc√™ √© uma mulher incr√≠vel, cheia de detalhes que eu amo, cheia de sonhos e coisas maravilhosas que eu tanto admiro. Eu s√≥ quero agradecer voc√™ por fazer parte da minha vida e compartilhar cada momento comigo, eu te amo demais meu amor, demais e demais ‚ù§Ô∏è‚ù§Ô∏è	2023-03-22T02:44:45+0000	https://www.instagram.com/p/CqEyyPpO7gZ/	FEED		CqEyyPpO7gZ	17841417530400616	gabgalani	2024-05-20	05	2024	20	1797480380900184520240520
30	17841425444516188	bodemeier.digital	18024592819898084	3	15	CAROUSEL_ALBUM	https://scontent.cdninstagram.com/v/t39.30808-6/421674566_18029189740848151_1791294184871766217_n.jpg?_nc_cat=110&ccb=1-7&_nc_sid=18de74&_nc_eui2=AeEwHU-rIyCwQ6FJk8KhEGV19v9vBv7zmOL2_28G_vOY4iCZqAtg3mGFoRMyyomnXvCd4CBE7hwAIpPdpnKauMlf&_nc_ohc=pXt7_EUM6-oQ7kNvgFUQ-Z6&_nc_ht=scontent.cdninstagram.com&edm=AL-3X8kEAAAA&oh=00_AYDUog25feFsjJahqTELlAVXgWKn6QkVFd87qm82MUC4mA&oe=6651C3AC	"5 estrat√©gias para o Marketing de M√≠dias Sociais üòÆ

1Ô∏è‚É£ Realize uma Auditoria de M√≠dias Sociais: Descubra quem √© o seu p√∫blico, onde eles est√£o localizados, que tipo de conte√∫do √© eficaz, etc.

2Ô∏è‚É£ Defina Metas e M√©tricas: Uma meta por si s√≥ n√£o √© suficiente. O progresso deve ser medido identificando m√©tricas.

3Ô∏è‚É£ Verifique o Seu P√∫blico-Alvo: Defina o p√∫blico-alvo com base em seu status de emprego, ind√∫stria e demografia.

4Ô∏è‚É£ Planeje Sua Estrat√©gia de Conte√∫do: Adapte sua estrat√©gia de conte√∫do √†s suas metas. Desenvolva um calend√°rio de conte√∫do e aprenda os algoritmos das m√≠dias sociais.

5Ô∏è‚É£ Me√ßa, Monitore e Otimize: Identifique o que est√° funcionando e fa√ßa mais disso. Voc√™ ter√° que modificar sua abordagem at√© encontrar os pontos certos.

Curta, salve e compartilhe esta postagem se voc√™ achar valiosa! üöÄ 

#MarketingDigital #SocialMedia #Estrat√©gia #Conte√∫doDeQualidade #An√°liseDeDados #P√∫blicoAlvo #Metas #M√©tricas #Otimiza√ß√£o #Planejamento"	2024-01-24T13:34:47+0000	https://www.instagram.com/p/C2fCAv3O1cF/	FEED		C2fCAv3O1cF	17841425444516188	bodemeier.digital	2024-05-20	05	2024	20	1802459281989808420240520
31	17841417530400616	gabgalani	17960786498151110	1	20	IMAGE	https://scontent.cdninstagram.com/v/t51.29350-15/330683273_928549334810845_239055851932390071_n.jpg?_nc_cat=107&ccb=1-7&_nc_sid=18de74&_nc_eui2=AeHT1pYP2HtFLkDWizAl9kx92WtIGgLRqQLZa0gaAtGpAvQZm-klQYqDyVHKweBmkt1TZJ4iDDoGn54ewr9FJcIN&_nc_ohc=kvBdDytnZ2QQ7kNvgFRgTk_&_nc_ht=scontent.cdninstagram.com&edm=AL-3X8kEAAAA&oh=00_AYBXMN6_3Fm7cp0TxbeQnAa5vhA_zdELfWvpjDwU1CuKFw&oe=6651C208	Meu amor, eu s√≥ quero dizer que eu te amo! Voc√™ √© a melhor coisa que me aconteceu, eu sou muito grato a Deus por ter voc√™ na minha vida. Eu te amo muito ‚ù§Ô∏è	2023-02-15T00:28:37+0000	https://www.instagram.com/p/CoqbYlUNcbp/	FEED		CoqbYlUNcbp	17841417530400616	gabgalani	2024-05-20	05	2024	20	1796078649815111020240520
32	17841425444516188	bodemeier.digital	17997324461240753	1	6	IMAGE	https://scontent.cdninstagram.com/v/t39.30808-6/421617107_18029126341848151_3772890795102135894_n.jpg?_nc_cat=107&ccb=1-7&_nc_sid=18de74&_nc_eui2=AeEOF9YjYuFmZW8qJLcPyAv6mRhTLBbOs0uZGFMsFs6zS_chlXvMFh5dSkclRPm2-zY0w63rwvWd7DuScb6RITSh&_nc_ohc=riYZtwbTygsQ7kNvgG-jc7v&_nc_ht=scontent.cdninstagram.com&edm=AL-3X8kEAAAA&oh=00_AYDxP-Y3CCc0JCqkzp87av51OYktNVLU8_csHs0sC4ZOeg&oe=6651A48C	"‚ú® Uma marca s√≥ √© forte se tiver uma boa estrat√©gia ‚ú®

1Ô∏è‚É£ Identidade da Marca: Uma estrat√©gia forte come√ßa com uma identidade de marca clara. Isso inclui tudo, desde o logotipo e as cores da marca at√© a miss√£o e os valores da empresa.

2Ô∏è‚É£ P√∫blico-Alvo: Conhecer seu p√∫blico-alvo √© fundamental para criar uma estrat√©gia de marca eficaz. Isso permite que voc√™ crie mensagens e campanhas que ressoem com seu p√∫blico.

3Ô∏è‚É£ Posicionamento da Marca: Sua estrat√©gia deve incluir um posicionamento de marca claro. Isso √© o que diferencia sua marca dos concorrentes.

4Ô∏è‚É£ Mensagens da Marca: As mensagens da sua marca devem ser consistentes em todas as plataformas e canais. Isso ajuda a construir reconhecimento e confian√ßa na marca.

5Ô∏è‚É£ An√°lise e Ajuste: Uma estrat√©gia de marca forte requer an√°lise e ajuste cont√≠nuos. Isso permite que voc√™ otimize sua estrat√©gia com base no desempenho e nas mudan√ßas no mercado.
 
Lembre-se, uma marca forte n√£o acontece por acaso. √â o resultado de uma estrat√©gia bem planejada e executada. üöÄ

#Estrat√©giaDeMarca #IdentidadeDaMarca #P√∫blicoAlvo #PosicionamentoDaMarca #MensagensDaMarca #An√°lise #Ajuste #MarketingDigital #SEO #Copywriting #PalavrasChave #CTA"	2024-01-23T19:46:40+0000	https://www.instagram.com/p/C2dHxpoOZK8/	FEED		C2dHxpoOZK8	17841425444516188	bodemeier.digital	2024-05-20	05	2024	20	1799732446124075320240520
33	17841417530400616	gabgalani	17961863900260865	0	6	VIDEO	https://scontent.cdninstagram.com/o1/v/t16/f1/m82/B142E31D3362413CAAC4B0E11D212291_video_dashinit.mp4?efg=eyJ2ZW5jb2RlX3RhZyI6InZ0c192b2RfdXJsZ2VuLmNsaXBzLnVua25vd24tQzMuNzIwLmRhc2hfYmFzZWxpbmVfMV92MSJ9&_nc_ht=scontent.cdninstagram.com&_nc_cat=110&vs=710457533945778_3914417863&_nc_vs=HBksFQIYT2lnX3hwdl9yZWVsc19wZXJtYW5lbnRfcHJvZC9CMTQyRTMxRDMzNjI0MTNDQUFDNEIwRTExRDIxMjI5MV92aWRlb19kYXNoaW5pdC5tcDQVAALIAQAVAhg6cGFzc3Rocm91Z2hfZXZlcnN0b3JlL0dDcE9kaE5wOFNlS0Rwd0NBRXBQbVNZeDRoRU9icV9FQUFBRhUCAsgBACgAGAAbAYgHdXNlX29pbAExFQAAJvLnxqT73pBAFQIoAkMzLBdAOd2yLQ5WBBgSZGFzaF9iYXNlbGluZV8xX3YxEQB1AAA%3D&ccb=9-4&oh=00_AYDpJUBWHwBM0glTPfBSsHReZoD4gnISztQVUgLBVjKncA&oe=664DB0D1&_nc_sid=1d576d	Se voc√™ realmente ama a natureza, encontrar√° beleza em todos os lugares‚Ä¶	2023-01-25T00:23:15+0000	https://www.instagram.com/reel/Cn0V3ZIgs4C/	REELS	https://scontent.cdninstagram.com/v/t51.36329-15/327602397_512092720818049_6728953746582593137_n.jpg?_nc_cat=108&ccb=1-7&_nc_sid=18de74&_nc_eui2=AeHNiucc-dV7w_S7ahm0MEjaJxxmjOy2GAUnHGaM7LYYBWzvh5GJs9UK1t9xqOhDhzOh03a6U_1Bbqkz4862Jbtx&_nc_ohc=HvnT2i1QMQ8Q7kNvgEXeUIP&_nc_oc=AdgVNhBNq82yjRwnq5LdWNv2BdDzVzV41Jo-2wPuH1jFiM_SwcrRu45_Gn_vzLPeKH50qieys-LNiRD5C2_ZWK-I&_nc_ht=scontent.cdninstagram.com&edm=AL-3X8kEAAAA&oh=00_AYAF6KW0TPzPusrD0Vh6Cg74lvH9AQWCnVopsgfte9er2A&oe=66519419	Cn0V3ZIgs4C	17841417530400616	gabgalani	2024-05-20	05	2024	20	1796186390026086520240520
34	17841425444516188	bodemeier.digital	17982183917471535	0	7	IMAGE	https://scontent.cdninstagram.com/v/t39.30808-6/421708063_18028941037848151_7725318195108654249_n.jpg?_nc_cat=103&ccb=1-7&_nc_sid=18de74&_nc_eui2=AeFx8x_v0YQlda4wHee_jVS7OdHB3_RLVso50cHf9EtWygye-vfoyi7dNeFskiOUt77EiwHmoOskwn76QPfri1uz&_nc_ohc=6nayQPquba4Q7kNvgHZjT-R&_nc_ht=scontent.cdninstagram.com&edm=AL-3X8kEAAAA&oh=00_AYBvtldn_sLyzRX8qP7mhd8-o8EH3BkShhQURnFECrQqaw&oe=6651AC07	"üî• Top 3 erros mais comuns que as pessoas cometem por n√£o ter um Social Media: üî•

1Ô∏è‚É£ N√£o ter planejamento: Sem um plano de a√ß√£o claro, sua estrat√©gia de m√≠dia social pode n√£o alcan√ßar seus objetivos. Um Social Media profissional pode ajudar a definir metas claras, identificar seu p√∫blico-alvo e criar uma estrat√©gia eficaz para alcan√ß√°-los.

2Ô∏è‚É£ Fazer de qualquer jeito: A m√≠dia social √© uma ferramenta poderosa, mas precisa ser usada corretamente. Postar conte√∫do aleat√≥rio ou n√£o otimizado pode n√£o trazer os resultados desejados. Um Social Media profissional sabe como criar e otimizar o conte√∫do para obter o m√°ximo de engajamento.

3Ô∏è‚É£ N√£o fazer nada: Ignorar a m√≠dia social n√£o √© uma op√ß√£o nos dias de hoje. Se voc√™ n√£o est√° ativo nas redes sociais, est√° perdendo uma grande oportunidade de se conectar com seu p√∫blico. Um Social Media profissional pode gerenciar suas contas de m√≠dia social, para que voc√™ possa se concentrar em outras √°reas do seu neg√≥cio.

Evite esses erros comuns contratando um profissional de Social Media hoje mesmo! üöÄ

#SocialMedia #ErrosComuns #Planejamento #Estrat√©gia #Engajamento #Otimiza√ß√£o #Conex√£o #P√∫blicoAlvo"	2024-01-23T11:00:00+0000	https://www.instagram.com/p/C2advdTO8hb/	FEED		C2advdTO8hb	17841425444516188	bodemeier.digital	2024-05-20	05	2024	20	1798218391747153520240520
35	17841417530400616	gabgalani	18013823218506209	4	13	VIDEO	https://scontent.cdninstagram.com/o1/v/t16/f1/m82/CD44C83694929A9491EBC65AB233FAAC_video_dashinit.mp4?efg=eyJ2ZW5jb2RlX3RhZyI6InZ0c192b2RfdXJsZ2VuLmNsaXBzLnVua25vd24tQzMuNzIwLmRhc2hfYmFzZWxpbmVfMV92MSJ9&_nc_ht=scontent.cdninstagram.com&_nc_cat=107&vs=704067768011690_3584261748&_nc_vs=HBksFQIYT2lnX3hwdl9yZWVsc19wZXJtYW5lbnRfcHJvZC9DRDQ0QzgzNjk0OTI5QTk0OTFFQkM2NUFCMjMzRkFBQ192aWRlb19kYXNoaW5pdC5tcDQVAALIAQAVAhg6cGFzc3Rocm91Z2hfZXZlcnN0b3JlL0dQcFFBeE9CQVNaU0dJd0JBSGFNaV9EQUxfcGpicV9FQUFBRhUCAsgBACgAGAAbAYgHdXNlX29pbAExFQAAJqDu8YSt45NBFQIoAkMzLBdATeIMSbpeNRgSZGFzaF9iYXNlbGluZV8xX3YxEQB1AAA%3D&ccb=9-4&oh=00_AYCAN8wkUdatXbokn4xnZpk3QjCqOouPD63nOuIlZHuSCw&oe=664DB746&_nc_sid=1d576d	Anos que n√£o toco uma m√∫sica no viol√£o. Matando a saudade üéµ	2023-01-15T20:50:08+0000	https://www.instagram.com/reel/CncyXbvKW9o/	REELS	https://scontent.cdninstagram.com/v/t51.36329-15/325791879_5831321883587574_3585422864880099530_n.jpg?_nc_cat=100&ccb=1-7&_nc_sid=18de74&_nc_eui2=AeF3a5b-mzBB4h1xKTFuY94V0fpkUnRNA4nR-mRSdE0DiWuECIeV7W9pzxF4UD1v_j6opGUNOhddQ6qzlrxYAjbn&_nc_ohc=wJKMMQF_bSkQ7kNvgFZEoo5&_nc_ht=scontent.cdninstagram.com&edm=AL-3X8kEAAAA&oh=00_AYCcFcPCk1znXEfCNpYdTBtmEXl7jxNHrnk55bRN69kwIw&oe=6651B3BC	CncyXbvKW9o	17841417530400616	gabgalani	2024-05-20	05	2024	20	1801382321850620920240520
36	17841425444516188	bodemeier.digital	17873173155025720	4	33	VIDEO	https://scontent.cdninstagram.com/o1/v/t16/f1/m82/ED4F98DDC930DC5AEAE49ABE5F7583A0_video_dashinit.mp4?efg=eyJ2ZW5jb2RlX3RhZyI6InZ0c192b2RfdXJsZ2VuLmNsaXBzLnVua25vd24tQzMuNzIwLmRhc2hfYmFzZWxpbmVfMV92MSJ9&_nc_ht=scontent.cdninstagram.com&_nc_cat=102&vs=1858130151293610_3189506375&_nc_vs=HBksFQIYT2lnX3hwdl9yZWVsc19wZXJtYW5lbnRfcHJvZC9FRDRGOThEREM5MzBEQzVBRUFFNDlBQkU1Rjc1ODNBMF92aWRlb19kYXNoaW5pdC5tcDQVAALIAQAVAhg6cGFzc3Rocm91Z2hfZXZlcnN0b3JlL0dDd2RIQm50VFBZeHVMUUNBRnh5YkNqTTNtb3NicV9FQUFBRhUCAsgBACgAGAAbAYgHdXNlX29pbAExFQAAJp7Tz8bZrZ1AFQIoAkMzLBdAUhu2RaHKwRgSZGFzaF9iYXNlbGluZV8xX3YxEQB1AAA%3D&ccb=9-4&oh=00_AYCsxL6uaaMNSRZ8Tg2IUeGH4cKRypWJd139q9LkTgH0Rw&oe=664DAB96&_nc_sid=1d576d	"Meu irm√£o veio me questionar qual √© o melhor, tr√°fego Org√¢nico ou o Tr√°fego Pago. Voc√™ sabe qual √©? ü§î

Assista ao v√≠deo e entenda a diferen√ßa dos dois tipos de tr√°fegos e descubra qual √© o melhor! ü§©

Salve esse v√≠deo para lembrar sempre que quiser!

#trafegopago #trafegoorganico #segredo #marketing #socialmedia #conteudodeinstagram #estrategiadigital #dicasdeinstagramparaempresas #dicasdeinstagramparainiciantes #dicadeinstagrammarketing #dicasdeinatagram"	2024-01-22T23:15:47+0000	https://www.instagram.com/reel/C2a5LXGO70e/	REELS	https://scontent.cdninstagram.com/v/t51.29350-15/420300796_357719780373778_2947513719527698295_n.jpg?_nc_cat=102&ccb=1-7&_nc_sid=18de74&_nc_eui2=AeFe__Yqee52s-a2A1cn2IT_ZEn3MDjyuNJkSfcwOPK40ksV4JBwY6tsCyst0SBNmMT6IkwffO_jf91GBEKrA1pm&_nc_ohc=R4obJuAG_ggQ7kNvgGvtyyo&_nc_ht=scontent.cdninstagram.com&edm=AL-3X8kEAAAA&oh=00_AYDBfI_qG8p7zEa4ClqT0uIHPHAm1do6bYyTtJ0AFrpWLg&oe=66519CFC	C2a5LXGO70e	17841425444516188	bodemeier.digital	2024-05-20	05	2024	20	1787317315502572020240520
37	17841417530400616	gabgalani	17911611266690525	4	12	VIDEO	https://scontent.cdninstagram.com/o1/v/t16/f1/m82/4B429F17D5640D69AE1C556C89CECCA7_video_dashinit.mp4?efg=eyJ2ZW5jb2RlX3RhZyI6InZ0c192b2RfdXJsZ2VuLmNsaXBzLnVua25vd24tQzMuNzIwLmRhc2hfYmFzZWxpbmVfMV92MSJ9&_nc_ht=scontent.cdninstagram.com&_nc_cat=102&vs=899901774379372_2860477675&_nc_vs=HBksFQIYT2lnX3hwdl9yZWVsc19wZXJtYW5lbnRfcHJvZC80QjQyOUYxN0Q1NjQwRDY5QUUxQzU1NkM4OUNFQ0NBN192aWRlb19kYXNoaW5pdC5tcDQVAALIAQAVAhg6cGFzc3Rocm91Z2hfZXZlcnN0b3JlL0dLS01UaE9BMml6UUV4UUNBT3RYbFJobVExWkRicV9FQUFBRhUCAsgBACgAGAAbAYgHdXNlX29pbAExFQAAJuiMhtmmrsdAFQIoAkMzLBdARbAgxJul4xgSZGFzaF9iYXNlbGluZV8xX3YxEQB1AAA%3D&ccb=9-4&oh=00_AYCkNo3BciUmAWxdDIEpsZVeVE7gO53fPjzXk1Ra2rH4LA&oe=664DB7EE&_nc_sid=1d576d	3 anos de que a minha vida mudou completamente e poucas pessoas v√£o entender do que eu estou falando‚Ä¶	2023-01-15T00:30:06+0000	https://www.instagram.com/reel/Cnam0CpqdGH/	REELS	https://scontent.cdninstagram.com/v/t51.36329-15/325416008_719688162924017_1364025571096839158_n.jpg?_nc_cat=108&ccb=1-7&_nc_sid=18de74&_nc_eui2=AeFW6s3dylKEjP3aWsSz1llODOeUCmQ9gFoM55QKZD2AWqzkqC3lpqfCu33N7V7TsJqFAEIcNZ5Ekp_cEHbO-_ks&_nc_ohc=XMgmxXjXKV0Q7kNvgHyf22q&_nc_ht=scontent.cdninstagram.com&edm=AL-3X8kEAAAA&oh=00_AYC_iotbjFiQqNjQMuUyCkjMMsc0ymRcXh4DI6E5K92s7Q&oe=6651BE5D	Cnam0CpqdGH	17841417530400616	gabgalani	2024-05-20	05	2024	20	1791161126669052520240520
38	17841425444516188	bodemeier.digital	17892179540901363	0	4	IMAGE	https://scontent.cdninstagram.com/v/t39.30808-6/421268180_355870447191079_4228224702065284852_n.jpg?_nc_cat=111&ccb=1-7&_nc_sid=18de74&_nc_eui2=AeF05P6tTo4kBWHfuajMcbLzXJDoAGnc0npckOgAadzSenI6KuSc9pmpyqutRxId2fLEtKSeiB_x9q85yTm9_OxU&_nc_ohc=o6DSdxrRxKcQ7kNvgFBXb1I&_nc_ht=scontent.cdninstagram.com&edm=AL-3X8kEAAAA&oh=00_AYAOW7nf_jq_WnmlcIwmp5T13OMaW_6iVpxQlq1HKyT2Tg&oe=6651BEB1	"Por que quem n√£o delega n√£o cresce ü§î

1Ô∏è‚É£ Foco nas tarefas importantes: Quando voc√™ delega tarefas, pode se concentrar nas atividades que realmente importam para o crescimento do seu neg√≥cio.

2Ô∏è‚É£ Aumento da produtividade: Delegar tarefas pode aumentar a produtividade da sua equipe, permitindo que todos trabalhem de forma mais eficiente.

3Ô∏è‚É£ Desenvolvimento de habilidades: Delegar tarefas permite que sua equipe desenvolva novas habilidades e ganhe mais experi√™ncia.

4Ô∏è‚É£ Melhor equil√≠brio entre vida pessoal e profissional: Delegar tarefas pode ajudar a prevenir o esgotamento e criar um melhor equil√≠brio entre vida pessoal e profissional.

5Ô∏è‚É£ Crescimento do neg√≥cio: Ao delegar tarefas, voc√™ pode se concentrar em estrat√©gias de crescimento e expans√£o para o seu neg√≥cio.

N√£o subestime o poder da delega√ß√£o! Comece a delegar hoje mesmo e veja a diferen√ßa que isso pode fazer no crescimento do seu neg√≥cio! üöÄ

#Delega√ß√£o #Crescimento #Produtividade #DesenvolvimentoDeHabilidades #Equil√≠brio #Estrat√©gia #SocialMedia #MarketingDigital #SEO #Copywriting #PalavrasChave #CTA"	2024-01-22T19:00:26+0000	https://www.instagram.com/p/C2adsCZPlbF/	FEED		C2adsCZPlbF	17841425444516188	bodemeier.digital	2024-05-20	05	2024	20	1789217954090136320240520
39	17841417530400616	gabgalani	17948212469455957	1	22	IMAGE	https://scontent.cdninstagram.com/v/t51.29350-15/321526094_898033578234322_5089896123394627254_n.jpg?_nc_cat=109&ccb=1-7&_nc_sid=18de74&_nc_eui2=AeE4RSjcgcrr49wFne3JURpb4dQHf-UrLmbh1Ad_5SsuZjegiX0ib8TakzfbZ2kgR7PsNW1A-Fi3KWAPQFhvtxoY&_nc_ohc=Ewj9k52jr1UQ7kNvgEaE07G&_nc_ht=scontent.cdninstagram.com&edm=AL-3X8kEAAAA&oh=00_AYBzuyOAfXscHs1TMohaZrpNab7jKCanzpV0oM3cOMemlw&oe=6651A66B	Valeu Natalina ‚ù§Ô∏è‚ù§Ô∏è‚ù§Ô∏è üéÑ	2022-12-25T00:25:50+0000	https://www.instagram.com/p/CmkhupfupO8/	FEED		CmkhupfupO8	17841417530400616	gabgalani	2024-05-20	05	2024	20	1794821246945595720240520
40	17841425444516188	bodemeier.digital	17953225589736051	0	12	IMAGE	https://scontent.cdninstagram.com/v/t51.29350-15/420137802_733499155388939_2260578220746230871_n.jpg?_nc_cat=101&ccb=1-7&_nc_sid=18de74&_nc_eui2=AeHSeUlslR6SoOt6p3U03PY6gYFa0TEutHmBgVrRMS60eaDVmmWYfdOBEmWhamE9qISRLedo-FOag_E9vE_IpK79&_nc_ohc=XtkufW1jsSgQ7kNvgEkJuvO&_nc_ht=scontent.cdninstagram.com&edm=AL-3X8kEAAAA&oh=00_AYBJol3CBlnccbIiE1-w5oSxXAwLu4QRr3SRWDUDAeKDXQ&oe=66519FB4	"üì£ Por que sua empresa precisa de um profissional de Social Media?üì£

Nos √∫ltimos 5 anos, tenho ajudado empresas a se conectarem com seus clientes de maneiras significativas e impactantes. E aqui est√° o porqu√™ voc√™ deveria considerar fazer o mesmo:

1Ô∏è‚É£ Visibilidade: Em um mundo cada vez mais digital, sua presen√ßa online √© crucial. As redes sociais s√£o uma maneira eficaz de aumentar a visibilidade da sua marca e alcan√ßar um p√∫blico mais amplo.

2Ô∏è‚É£ Engajamento: As redes sociais permitem que voc√™ se envolva diretamente com seus clientes. Voc√™ pode responder a perguntas, resolver problemas e at√© mesmo receber feedback em tempo real.

3Ô∏è‚É£ Convers√µes: Com estrat√©gias de marketing digital eficazes, voc√™ pode direcionar tr√°fego para o seu site, aumentar as convers√µes e impulsionar as vendas.

4Ô∏è‚É£ An√°lise: As ferramentas de an√°lise de redes sociais podem fornecer insights valiosos sobre o comportamento do seu p√∫blico, permitindo que voc√™ refine suas estrat√©gias de marketing.

Ent√£o, o que voc√™ est√° esperando? D√™ o pr√≥ximo passo para o sucesso do seu neg√≥cio contratando um profissional de Social Media hoje mesmo!

#socialmedia #marketingdigital #seo #copywriting #palavrachave #engajamentoinsta #visibilidade #an√°lise"	2024-01-22T11:00:00+0000	https://www.instagram.com/p/C2ZmymxuHNn/	FEED		C2ZmymxuHNn	17841425444516188	bodemeier.digital	2024-05-20	05	2024	20	1795322558973605120240520
41	17841417530400616	gabgalani	18196692265234329	1	26	CAROUSEL_ALBUM	https://scontent.cdninstagram.com/v/t51.29350-15/318485867_1159805358074388_8506420109833500803_n.jpg?_nc_cat=105&ccb=1-7&_nc_sid=18de74&_nc_eui2=AeHWeTWYVUWu4qXcy_Z73r4oirwqDp8Cf8WKvCoOnwJ_xWmQOiac0XwCiwCItoouKhOK_wnprIeZ6OCILOEWzKS-&_nc_ohc=O-VSwLyf0U0Q7kNvgES1ZQ9&_nc_ht=scontent.cdninstagram.com&edm=AL-3X8kEAAAA&oh=00_AYCWoFwRheU5UbSCMG-yklvQfjekhDv7bZpb70_3FEtgXw&oe=6651AF01	Com voc√™ tenho vivido os melhores dias da minha vida ‚ù§Ô∏è eu te amo ‚ù§Ô∏è	2022-12-09T11:42:05+0000	https://www.instagram.com/p/Cl8iZnMOLnA/	FEED		Cl8iZnMOLnA	17841417530400616	gabgalani	2024-05-20	05	2024	20	1819669226523432920240520
42	17841425444516188	bodemeier.digital	18039366277634967	0	6	IMAGE	https://scontent.cdninstagram.com/v/t39.30808-6/419741193_351001497677974_8072769556980269667_n.jpg?_nc_cat=105&ccb=1-7&_nc_sid=18de74&_nc_eui2=AeGw9Y0YRlgFciX3xvWWc61WDAeiMyAXnS8MB6IzIBedL6Ql2XKDjUJQVH-UDusQ_7q8nnNZ6GmTuOBktBUkgUOZ&_nc_ohc=50W-9Rc23WMQ7kNvgEmKwTk&_nc_ht=scontent.cdninstagram.com&edm=AL-3X8kEAAAA&oh=00_AYDGLFj_Rb1nnNBDNupMdZdP8gIeVSi36ZVuugC0V9AIHA&oe=6651B7CB	"Desvendando os segredos do tempo livre!

üï∞Ô∏è O que voc√™ mais gosta de fazer quando n√£o est√° trabalhando? 

Compartilhe conosco suas atividades favoritas e inspire outros a descobrir novas maneiras de aproveitar seu tempo livre. 

Lembre-se, cada momento conta!

 #TempoLivre #Inspira√ß√£o #VidaEquilibrada"	2024-01-19T19:00:27+0000	https://www.instagram.com/p/C2SvTlnvJpi/	FEED		C2SvTlnvJpi	17841425444516188	bodemeier.digital	2024-05-20	05	2024	20	1803936627763496720240520
43	17841417530400616	gabgalani	17853242561859491	1	18	IMAGE	https://scontent.cdninstagram.com/v/t51.29350-15/317003029_709825283511010_1215350376692098722_n.webp?stp=dst-jpg&_nc_cat=100&ccb=1-7&_nc_sid=18de74&_nc_eui2=AeEos2mztoanpKbRdZKGv5-P4AJ1hjK8MQ3gAnWGMrwxDSkHHK0I_f1jHeXjRY9YbwzDIYO4WeeQFjVsu0nttYB0&_nc_ohc=xGrbEBDjuY4Q7kNvgGBN93q&_nc_ht=scontent.cdninstagram.com&edm=AL-3X8kEAAAA&oh=00_AYAruV8I1jX80HNDd3N24_ng_CFY_dU27zYM4KziEFAaow&oe=6651A310	"Olha n√≥s ai de novoo!!! 

Voc√™ √© o amor da minha vida e eu me sinto muito sortudo por poder compartilhar a vida com voc√™ amor, eu te amo muito ‚ù§Ô∏è‚ù§Ô∏è‚ù§Ô∏è‚ù§Ô∏è"	2022-11-25T18:44:47+0000	https://www.instagram.com/p/ClZPpZmOSc7/	FEED		ClZPpZmOSc7	17841417530400616	gabgalani	2024-05-20	05	2024	20	1785324256185949120240520
44	17841425444516188	bodemeier.digital	18034865689681990	0	7	IMAGE	https://scontent.cdninstagram.com/v/t39.30808-6/419421725_351000954344695_8664954086313197938_n.jpg?_nc_cat=109&ccb=1-7&_nc_sid=18de74&_nc_eui2=AeGQGVjiJjCPE2o0-46611TT5akKuJ6pJ9DlqQq4nqkn0PVgpyjO0lQB2zF8G1NpcVExn24EfiA7h00-aCJX6k2V&_nc_ohc=QNz25EuupXAQ7kNvgEoqtRP&_nc_ht=scontent.cdninstagram.com&edm=AL-3X8kEAAAA&oh=00_AYAGTZSgDEx_kJkypFCQCD3iZQy42gXOyUfzY3gnZBMbaQ&oe=665191D8	"Transforme sua marca em um farol de sucesso! üöÄ 

Nesta postagem, vamos explorar a arte de criar uma identidade de marca convincente. Vamos mergulhar nas estrat√©gias comprovadas para construir uma marca que n√£o apenas se destaca, mas tamb√©m ressoa profundamente com seu p√∫blico. 

Aprenda a expressar autenticamente os valores, a hist√≥ria e as qualidades √∫nicas da sua marca. Descubra como esses elementos podem promover sucesso a longo prazo e lealdade do cliente. 

Com a orienta√ß√£o certa, voc√™ pode criar um impacto duradouro no mercado e transformar sua marca em um √≠cone reconhecido. 

Junte-se a n√≥s nesta jornada de descoberta e transforma√ß√£o. Vamos juntos iluminar o caminho para o sucesso da sua marca. üí°üåü

#MarcaDeSucesso #Estrat√©giasVencedoras #Transforma√ß√£oDeMarca"	2024-01-19T11:00:35+0000	https://www.instagram.com/p/C2R4Y9ZtiCx/	FEED		C2R4Y9ZtiCx	17841425444516188	bodemeier.digital	2024-05-20	05	2024	20	1803486568968199020240520
45	17841417530400616	gabgalani	17916065960527094	1	9	IMAGE	https://scontent.cdninstagram.com/v/t51.29350-15/312632174_668137424870526_1205394503770574456_n.webp?stp=dst-jpg&_nc_cat=101&ccb=1-7&_nc_sid=18de74&_nc_eui2=AeG8X_0g_8uihjOt5ZfP7TdnceZNEDQwfPpx5k0QNDB8-nZH8BhtUGeIQYreUzjZdqc1BK7n6Bmwdh-4lhViSjKd&_nc_ohc=z2lLqAVPVxIQ7kNvgFX5Ryy&_nc_ht=scontent.cdninstagram.com&edm=AL-3X8kEAAAA&oh=00_AYCBaNSQUXl72VHpOtreYd1K0T-0cGwFMc5qsYNqH26AQg&oe=6651B148	Os melhores momentos da minha vida eu passo ao seu lado, e sou muito grato por isso. Eu te amo demais ‚ù§Ô∏è	2022-10-25T11:18:29+0000	https://www.instagram.com/p/CkIn7XiufQa/	FEED		CkIn7XiufQa	17841417530400616	gabgalani	2024-05-20	05	2024	20	1791606596052709420240520
46	17841425444516188	bodemeier.digital	18091892248364995	0	5	IMAGE	https://scontent.cdninstagram.com/v/t51.29350-15/419051050_896766368778400_3323771685470864197_n.jpg?_nc_cat=111&ccb=1-7&_nc_sid=18de74&_nc_eui2=AeG4JAnTeGetiK4lyeUIAAYKj19_k-bzTyyPX3-T5vNPLLYrz6pgs7OuKcS986I7B4BxMmEoaI6W6ZtBvl3rIKQo&_nc_ohc=O9HYhjXKuJEQ7kNvgHU08CG&_nc_ht=scontent.cdninstagram.com&edm=AL-3X8kEAAAA&oh=00_AYBwNbUvDxZ9ETAYhRVycmZnjz7HLi6ZhZBl7GKi7bCPBg&oe=6651B550	"üöÄ Quer dominar o mundo do marketing digital? Conhe√ßa seus princ√≠pios fundamentais! 

1Ô∏è‚É£ Segmenta√ß√£o: Identifique e entenda seu p√∫blico-alvo.
2Ô∏è‚É£ Posicionamento: Defina como sua marca se destaca na mente dos consumidores.
3Ô∏è‚É£ Estrat√©gia de Conte√∫do: Crie conte√∫do relevante e valioso que atraia e envolva seu p√∫blico.
4Ô∏è‚É£ SEO: Otimize seu conte√∫do para mecanismos de busca.
5Ô∏è‚É£ M√≠dias Sociais: Use as m√≠dias sociais para se conectar com seu p√∫blico e ampliar seu alcance.
6Ô∏è‚É£ An√°lise de Dados: Acompanhe e analise seus resultados para melhorar continuamente.

Pronto para mergulhar no mundo do marketing digital? Salve este post para refer√™ncia futura! #marketingdigital #princ√≠piosdemarketing #estrategiasdemarketing"	2024-01-18T19:00:00+0000	https://www.instagram.com/p/C2PTmsCOsgc/	FEED		C2PTmsCOsgc	17841425444516188	bodemeier.digital	2024-05-20	05	2024	20	1809189224836499520240520
47	17841417530400616	gabgalani	18000610999480101	1	13	IMAGE	https://scontent.cdninstagram.com/v/t51.29350-15/312711109_1300614007431391_4180145308933914589_n.webp?stp=dst-jpg&_nc_cat=104&ccb=1-7&_nc_sid=18de74&_nc_eui2=AeHfXet_yfHfKE3ohL7_-uTrBG1ZT9ZQZFEEbVlP1lBkURMwLs4b-d8PNr8hFrjaozXO92cydIso1eafV2HPHLAd&_nc_ohc=v43Q_GIwQDIQ7kNvgFJLuAL&_nc_ht=scontent.cdninstagram.com&edm=AL-3X8kEAAAA&oh=00_AYATHIr7a50BzLpzwwoFme-8qOgbTrBEnWkb7k6Gt2Zd8A&oe=66518F1F	Muito obrigado Deus! ‚ù§Ô∏è	2022-10-24T02:32:20+0000	https://www.instagram.com/p/CkFG670Oz81/	FEED		CkFG670Oz81	17841417530400616	gabgalani	2024-05-20	05	2024	20	1800061099948010120240520
48	17841425444516188	bodemeier.digital	17950801427740207	1	10	CAROUSEL_ALBUM	https://scontent.cdninstagram.com/v/t39.30808-6/419413153_350994384345352_4836941526788348423_n.jpg?_nc_cat=107&ccb=1-7&_nc_sid=18de74&_nc_eui2=AeHTaOtxl0czmFaXnJOrehb8Nab7CK5wmuU1pvsIrnCa5R_lrc4qymK_rPTEqukIZMT8xvZXsJUfKTqdNvMNnKWX&_nc_ohc=F-sjSHdxLnkQ7kNvgHZE5PS&_nc_ht=scontent.cdninstagram.com&edm=AL-3X8kEAAAA&oh=00_AYD3x-1krjIeVQZHgRgdnV7DMkw4E2SWv4jURjc8ElYpkA&oe=66518E88	"üöÄ Quer ver sua empresa decolando? Aqui est√£o 3 estrat√©gias de marketing para usar hoje! 

1. Marketing de Conte√∫do: Crie e compartilhe conte√∫do que atraia e engaje seu p√∫blico-alvo. Isso constr√≥i uma rela√ß√£o de confian√ßa e cria uma conex√£o.

2. Marketing nas Redes Sociais: Use as redes sociais para se envolver diretamente com seu p√∫blico-alvo. Compartilhe, promova ofertas e incentive a intera√ß√£o.

3. Parcerias Estrat√©gicas: Trabalhe com influenciadores digitais para promover seus produtos ou servi√ßos. Eles t√™m uma forte influ√™ncia sobre as compras de seu p√∫blico.

Como especialista em marketing, estou aqui para ajud√°-lo a implementar essas estrat√©gias e ver sua empresa decolar. Mande uma mensagem e vamos juntos rumo ao sucesso! #estrat√©giasdemarketing #sucesso #marketingdigital"	2024-01-18T11:00:04+0000	https://www.instagram.com/p/C2PTiRMJY7E/	FEED		C2PTiRMJY7E	17841425444516188	bodemeier.digital	2024-05-20	05	2024	20	1795080142774020720240520
49	17841417530400616	gabgalani	18321807307026238	2	13	IMAGE	https://scontent.cdninstagram.com/v/t51.29350-15/310015979_1357200671477907_6081197583948302816_n.webp?stp=dst-jpg&_nc_cat=103&ccb=1-7&_nc_sid=18de74&_nc_eui2=AeEShuleLrqpbnl8iqDjoIwcoMamBsjy4N6gxqYGyPLg3rU1vZ3j2Q3lnEpC5UZJn1xHHCbHzZ7bmSHlYOuX9865&_nc_ohc=MNd0fYvWGLEQ7kNvgHq2DG4&_nc_ht=scontent.cdninstagram.com&edm=AL-3X8kEAAAA&oh=00_AYD8eWSqXP72EokZCwTzJ1IQFioYLPZD8jpmoLhS4fI5YA&oe=6651B2F6	That it's all in your head ü§ô	2022-09-30T00:55:57+0000	https://www.instagram.com/p/CjHIz8hO5lz/	FEED		CjHIz8hO5lz	17841417530400616	gabgalani	2024-05-20	05	2024	20	1832180730702623820240520
