	id_midia	media_type	media_type	media_url	id
0	18024592819898084	CAROUSEL_ALBUM	IMAGE	https://scontent.cdninstagram.com/v/t39.30808-6/421674566_18029189740848151_1791294184871766217_n.jpg?_nc_cat=110&ccb=1-7&_nc_sid=18de74&_nc_eui2=AeEwHU-rIyCwQ6FJk8KhEGV19v9vBv7zmOL2_28G_vOY4iCZqAtg3mGFoRMyyomnXvCd4CBE7hwAIpPdpnKauMlf&_nc_ohc=bM-o2f9YqZwQ7kNvgHTBkCA&_nc_ht=scontent.cdninstagram.com&edm=AL-3X8kEAAAA&oh=00_AYBC47tK7dJuoKjVkZg-ReXubnauBHCdCtULgZR8g4tghQ&oe=6656D16C	17971829027659357
1	17950801427740207	CAROUSEL_ALBUM	IMAGE	https://scontent.cdninstagram.com/v/t39.30808-6/421674566_18029189740848151_1791294184871766217_n.jpg?_nc_cat=110&ccb=1-7&_nc_sid=18de74&_nc_eui2=AeEwHU-rIyCwQ6FJk8KhEGV19v9vBv7zmOL2_28G_vOY4iCZqAtg3mGFoRMyyomnXvCd4CBE7hwAIpPdpnKauMlf&_nc_ohc=bM-o2f9YqZwQ7kNvgHTBkCA&_nc_ht=scontent.cdninstagram.com&edm=AL-3X8kEAAAA&oh=00_AYBC47tK7dJuoKjVkZg-ReXubnauBHCdCtULgZR8g4tghQ&oe=6656D16C	17971829027659357
2	18249982000212022	CAROUSEL_ALBUM	IMAGE	https://scontent.cdninstagram.com/v/t39.30808-6/421674566_18029189740848151_1791294184871766217_n.jpg?_nc_cat=110&ccb=1-7&_nc_sid=18de74&_nc_eui2=AeEwHU-rIyCwQ6FJk8KhEGV19v9vBv7zmOL2_28G_vOY4iCZqAtg3mGFoRMyyomnXvCd4CBE7hwAIpPdpnKauMlf&_nc_ohc=bM-o2f9YqZwQ7kNvgHTBkCA&_nc_ht=scontent.cdninstagram.com&edm=AL-3X8kEAAAA&oh=00_AYBC47tK7dJuoKjVkZg-ReXubnauBHCdCtULgZR8g4tghQ&oe=6656D16C	17971829027659357
3	17970826016660160	CAROUSEL_ALBUM	IMAGE	https://scontent.cdninstagram.com/v/t39.30808-6/421674566_18029189740848151_1791294184871766217_n.jpg?_nc_cat=110&ccb=1-7&_nc_sid=18de74&_nc_eui2=AeEwHU-rIyCwQ6FJk8KhEGV19v9vBv7zmOL2_28G_vOY4iCZqAtg3mGFoRMyyomnXvCd4CBE7hwAIpPdpnKauMlf&_nc_ohc=bM-o2f9YqZwQ7kNvgHTBkCA&_nc_ht=scontent.cdninstagram.com&edm=AL-3X8kEAAAA&oh=00_AYBC47tK7dJuoKjVkZg-ReXubnauBHCdCtULgZR8g4tghQ&oe=6656D16C	17971829027659357
4	17983677587408251	CAROUSEL_ALBUM	IMAGE	https://scontent.cdninstagram.com/v/t39.30808-6/421674566_18029189740848151_1791294184871766217_n.jpg?_nc_cat=110&ccb=1-7&_nc_sid=18de74&_nc_eui2=AeEwHU-rIyCwQ6FJk8KhEGV19v9vBv7zmOL2_28G_vOY4iCZqAtg3mGFoRMyyomnXvCd4CBE7hwAIpPdpnKauMlf&_nc_ohc=bM-o2f9YqZwQ7kNvgHTBkCA&_nc_ht=scontent.cdninstagram.com&edm=AL-3X8kEAAAA&oh=00_AYBC47tK7dJuoKjVkZg-ReXubnauBHCdCtULgZR8g4tghQ&oe=6656D16C	17971829027659357
5	18005078747253576	CAROUSEL_ALBUM	IMAGE	https://scontent.cdninstagram.com/v/t39.30808-6/421674566_18029189740848151_1791294184871766217_n.jpg?_nc_cat=110&ccb=1-7&_nc_sid=18de74&_nc_eui2=AeEwHU-rIyCwQ6FJk8KhEGV19v9vBv7zmOL2_28G_vOY4iCZqAtg3mGFoRMyyomnXvCd4CBE7hwAIpPdpnKauMlf&_nc_ohc=bM-o2f9YqZwQ7kNvgHTBkCA&_nc_ht=scontent.cdninstagram.com&edm=AL-3X8kEAAAA&oh=00_AYBC47tK7dJuoKjVkZg-ReXubnauBHCdCtULgZR8g4tghQ&oe=6656D16C	17971829027659357
6	18326579032099902	CAROUSEL_ALBUM	IMAGE	https://scontent.cdninstagram.com/v/t39.30808-6/421674566_18029189740848151_1791294184871766217_n.jpg?_nc_cat=110&ccb=1-7&_nc_sid=18de74&_nc_eui2=AeEwHU-rIyCwQ6FJk8KhEGV19v9vBv7zmOL2_28G_vOY4iCZqAtg3mGFoRMyyomnXvCd4CBE7hwAIpPdpnKauMlf&_nc_ohc=bM-o2f9YqZwQ7kNvgHTBkCA&_nc_ht=scontent.cdninstagram.com&edm=AL-3X8kEAAAA&oh=00_AYBC47tK7dJuoKjVkZg-ReXubnauBHCdCtULgZR8g4tghQ&oe=6656D16C	17971829027659357
7	18006275992961972	CAROUSEL_ALBUM	IMAGE	https://scontent.cdninstagram.com/v/t39.30808-6/421525318_18029189755848151_3361650205283664213_n.jpg?_nc_cat=110&ccb=1-7&_nc_sid=18de74&_nc_eui2=AeGkMnCPyyuGSs5nj6UUrqpMQFj459PzROxAWPjn0_NE7NQhoy6Phfr1DOVsn_HC8kEuSNxfF5kKNo22QTAR-GCY&_nc_ohc=pTK9vqOgdaUQ7kNvgGG53ws&_nc_ht=scontent.cdninstagram.com&edm=AL-3X8kEAAAA&oh=00_AYDrktS0GpUKMej0346eeva6cx5C16goSsc3HZL6cMpSZQ&oe=6656B526	17906503256914067
8	18032597344644097	CAROUSEL_ALBUM	IMAGE	https://scontent.cdninstagram.com/v/t39.30808-6/421525318_18029189755848151_3361650205283664213_n.jpg?_nc_cat=110&ccb=1-7&_nc_sid=18de74&_nc_eui2=AeGkMnCPyyuGSs5nj6UUrqpMQFj459PzROxAWPjn0_NE7NQhoy6Phfr1DOVsn_HC8kEuSNxfF5kKNo22QTAR-GCY&_nc_ohc=pTK9vqOgdaUQ7kNvgGG53ws&_nc_ht=scontent.cdninstagram.com&edm=AL-3X8kEAAAA&oh=00_AYDrktS0GpUKMej0346eeva6cx5C16goSsc3HZL6cMpSZQ&oe=6656B526	17906503256914067
9	17980478672546161	CAROUSEL_ALBUM	IMAGE	https://scontent.cdninstagram.com/v/t39.30808-6/421525318_18029189755848151_3361650205283664213_n.jpg?_nc_cat=110&ccb=1-7&_nc_sid=18de74&_nc_eui2=AeGkMnCPyyuGSs5nj6UUrqpMQFj459PzROxAWPjn0_NE7NQhoy6Phfr1DOVsn_HC8kEuSNxfF5kKNo22QTAR-GCY&_nc_ohc=pTK9vqOgdaUQ7kNvgGG53ws&_nc_ht=scontent.cdninstagram.com&edm=AL-3X8kEAAAA&oh=00_AYDrktS0GpUKMej0346eeva6cx5C16goSsc3HZL6cMpSZQ&oe=6656B526	17906503256914067
10	17999631694815784	CAROUSEL_ALBUM	IMAGE	https://scontent.cdninstagram.com/v/t39.30808-6/421525318_18029189755848151_3361650205283664213_n.jpg?_nc_cat=110&ccb=1-7&_nc_sid=18de74&_nc_eui2=AeGkMnCPyyuGSs5nj6UUrqpMQFj459PzROxAWPjn0_NE7NQhoy6Phfr1DOVsn_HC8kEuSNxfF5kKNo22QTAR-GCY&_nc_ohc=pTK9vqOgdaUQ7kNvgGG53ws&_nc_ht=scontent.cdninstagram.com&edm=AL-3X8kEAAAA&oh=00_AYDrktS0GpUKMej0346eeva6cx5C16goSsc3HZL6cMpSZQ&oe=6656B526	17906503256914067
11	17868068480908352	CAROUSEL_ALBUM	IMAGE	https://scontent.cdninstagram.com/v/t39.30808-6/421525318_18029189755848151_3361650205283664213_n.jpg?_nc_cat=110&ccb=1-7&_nc_sid=18de74&_nc_eui2=AeGkMnCPyyuGSs5nj6UUrqpMQFj459PzROxAWPjn0_NE7NQhoy6Phfr1DOVsn_HC8kEuSNxfF5kKNo22QTAR-GCY&_nc_ohc=pTK9vqOgdaUQ7kNvgGG53ws&_nc_ht=scontent.cdninstagram.com&edm=AL-3X8kEAAAA&oh=00_AYDrktS0GpUKMej0346eeva6cx5C16goSsc3HZL6cMpSZQ&oe=6656B526	17906503256914067
12	18004555213694855	CAROUSEL_ALBUM	IMAGE	https://scontent.cdninstagram.com/v/t39.30808-6/421561394_18029189758848151_4312331103962907670_n.jpg?_nc_cat=101&ccb=1-7&_nc_sid=18de74&_nc_eui2=AeFEH_eFks5aXg3DYgCV0MZ1WVnaFleCmzdZWdoWV4KbNx_ViQbAoFluVXnzXAvWj0SpC-YLF81NnZMvPrCnxuM0&_nc_ohc=VEm0ueH3fPoQ7kNvgGh53Ak&_nc_ht=scontent.cdninstagram.com&edm=AL-3X8kEAAAA&oh=00_AYDMgA2IlfCATu5MoVHJy0Bjc0dY_ojJT8v1aza4JO9lKg&oe=6656A987	18032395096758865
13	17959106837367775	CAROUSEL_ALBUM	IMAGE	https://scontent.cdninstagram.com/v/t39.30808-6/421561394_18029189758848151_4312331103962907670_n.jpg?_nc_cat=101&ccb=1-7&_nc_sid=18de74&_nc_eui2=AeFEH_eFks5aXg3DYgCV0MZ1WVnaFleCmzdZWdoWV4KbNx_ViQbAoFluVXnzXAvWj0SpC-YLF81NnZMvPrCnxuM0&_nc_ohc=VEm0ueH3fPoQ7kNvgGh53Ak&_nc_ht=scontent.cdninstagram.com&edm=AL-3X8kEAAAA&oh=00_AYDMgA2IlfCATu5MoVHJy0Bjc0dY_ojJT8v1aza4JO9lKg&oe=6656A987	18032395096758865
14	18071375392367766	CAROUSEL_ALBUM	IMAGE	https://scontent.cdninstagram.com/v/t39.30808-6/421561394_18029189758848151_4312331103962907670_n.jpg?_nc_cat=101&ccb=1-7&_nc_sid=18de74&_nc_eui2=AeFEH_eFks5aXg3DYgCV0MZ1WVnaFleCmzdZWdoWV4KbNx_ViQbAoFluVXnzXAvWj0SpC-YLF81NnZMvPrCnxuM0&_nc_ohc=VEm0ueH3fPoQ7kNvgGh53Ak&_nc_ht=scontent.cdninstagram.com&edm=AL-3X8kEAAAA&oh=00_AYDMgA2IlfCATu5MoVHJy0Bjc0dY_ojJT8v1aza4JO9lKg&oe=6656A987	18032395096758865
15	17981861483060238	CAROUSEL_ALBUM	IMAGE	https://scontent.cdninstagram.com/v/t39.30808-6/421561394_18029189758848151_4312331103962907670_n.jpg?_nc_cat=101&ccb=1-7&_nc_sid=18de74&_nc_eui2=AeFEH_eFks5aXg3DYgCV0MZ1WVnaFleCmzdZWdoWV4KbNx_ViQbAoFluVXnzXAvWj0SpC-YLF81NnZMvPrCnxuM0&_nc_ohc=VEm0ueH3fPoQ7kNvgGh53Ak&_nc_ht=scontent.cdninstagram.com&edm=AL-3X8kEAAAA&oh=00_AYDMgA2IlfCATu5MoVHJy0Bjc0dY_ojJT8v1aza4JO9lKg&oe=6656A987	18032395096758865
16	17962949372126268	CAROUSEL_ALBUM	IMAGE	https://scontent.cdninstagram.com/v/t39.30808-6/421561394_18029189758848151_4312331103962907670_n.jpg?_nc_cat=101&ccb=1-7&_nc_sid=18de74&_nc_eui2=AeFEH_eFks5aXg3DYgCV0MZ1WVnaFleCmzdZWdoWV4KbNx_ViQbAoFluVXnzXAvWj0SpC-YLF81NnZMvPrCnxuM0&_nc_ohc=VEm0ueH3fPoQ7kNvgGh53Ak&_nc_ht=scontent.cdninstagram.com&edm=AL-3X8kEAAAA&oh=00_AYDMgA2IlfCATu5MoVHJy0Bjc0dY_ojJT8v1aza4JO9lKg&oe=6656A987	18032395096758865
17	17859108473899553	CAROUSEL_ALBUM	IMAGE	https://scontent.cdninstagram.com/v/t39.30808-6/421604443_18029189767848151_6924928652721400318_n.jpg?_nc_cat=108&ccb=1-7&_nc_sid=18de74&_nc_eui2=AeHIvH6dhP52-6ewsewMWDR4zPqrMMFno73M-qswwWejvawf0tnFoytcl97PIVFEYppXtlYcFQrSeVDmPzzTMw4P&_nc_ohc=3xahlxD12DgQ7kNvgEsPGNP&_nc_ht=scontent.cdninstagram.com&edm=AL-3X8kEAAAA&oh=00_AYD6ZLP7BTT8HOnEp3Y_K2KKGbImlyhEBOhdKcVhHSXTmA&oe=6656C333	18085854349413895
18	17976421084985001	CAROUSEL_ALBUM	IMAGE	https://scontent.cdninstagram.com/v/t39.30808-6/421604443_18029189767848151_6924928652721400318_n.jpg?_nc_cat=108&ccb=1-7&_nc_sid=18de74&_nc_eui2=AeHIvH6dhP52-6ewsewMWDR4zPqrMMFno73M-qswwWejvawf0tnFoytcl97PIVFEYppXtlYcFQrSeVDmPzzTMw4P&_nc_ohc=3xahlxD12DgQ7kNvgEsPGNP&_nc_ht=scontent.cdninstagram.com&edm=AL-3X8kEAAAA&oh=00_AYD6ZLP7BTT8HOnEp3Y_K2KKGbImlyhEBOhdKcVhHSXTmA&oe=6656C333	18085854349413895
19	17957530706193660	CAROUSEL_ALBUM	IMAGE	https://scontent.cdninstagram.com/v/t39.30808-6/421604443_18029189767848151_6924928652721400318_n.jpg?_nc_cat=108&ccb=1-7&_nc_sid=18de74&_nc_eui2=AeHIvH6dhP52-6ewsewMWDR4zPqrMMFno73M-qswwWejvawf0tnFoytcl97PIVFEYppXtlYcFQrSeVDmPzzTMw4P&_nc_ohc=3xahlxD12DgQ7kNvgEsPGNP&_nc_ht=scontent.cdninstagram.com&edm=AL-3X8kEAAAA&oh=00_AYD6ZLP7BTT8HOnEp3Y_K2KKGbImlyhEBOhdKcVhHSXTmA&oe=6656C333	18085854349413895
20	17968820779999389	CAROUSEL_ALBUM	IMAGE	https://scontent.cdninstagram.com/v/t39.30808-6/421604443_18029189767848151_6924928652721400318_n.jpg?_nc_cat=108&ccb=1-7&_nc_sid=18de74&_nc_eui2=AeHIvH6dhP52-6ewsewMWDR4zPqrMMFno73M-qswwWejvawf0tnFoytcl97PIVFEYppXtlYcFQrSeVDmPzzTMw4P&_nc_ohc=3xahlxD12DgQ7kNvgEsPGNP&_nc_ht=scontent.cdninstagram.com&edm=AL-3X8kEAAAA&oh=00_AYD6ZLP7BTT8HOnEp3Y_K2KKGbImlyhEBOhdKcVhHSXTmA&oe=6656C333	18085854349413895
21	17952003506517561	CAROUSEL_ALBUM	IMAGE	https://scontent.cdninstagram.com/v/t39.30808-6/421587021_18029189791848151_7364601708020223638_n.jpg?_nc_cat=109&ccb=1-7&_nc_sid=18de74&_nc_eui2=AeFAsAccCL9u0dlivfcRMRAROkLoCjKlsLs6QugKMqWwu2U__SI7lXl_72wIASipxIl9elRktMnM0X2i_U2B9gZ7&_nc_ohc=wIywEP8w6TcQ7kNvgENtTkM&_nc_ht=scontent.cdninstagram.com&edm=AL-3X8kEAAAA&oh=00_AYAQbBIuFndiNKSpz5p_jtGWW1b5lBz-10vXT1sMZvjhhg&oe=6656ACBA	17843277876154924
22	18172394914270979	CAROUSEL_ALBUM	IMAGE	https://scontent.cdninstagram.com/v/t39.30808-6/421587021_18029189791848151_7364601708020223638_n.jpg?_nc_cat=109&ccb=1-7&_nc_sid=18de74&_nc_eui2=AeFAsAccCL9u0dlivfcRMRAROkLoCjKlsLs6QugKMqWwu2U__SI7lXl_72wIASipxIl9elRktMnM0X2i_U2B9gZ7&_nc_ohc=wIywEP8w6TcQ7kNvgENtTkM&_nc_ht=scontent.cdninstagram.com&edm=AL-3X8kEAAAA&oh=00_AYAQbBIuFndiNKSpz5p_jtGWW1b5lBz-10vXT1sMZvjhhg&oe=6656ACBA	17843277876154924
23	17916484169676926	CAROUSEL_ALBUM	IMAGE	https://scontent.cdninstagram.com/v/t39.30808-6/421587021_18029189791848151_7364601708020223638_n.jpg?_nc_cat=109&ccb=1-7&_nc_sid=18de74&_nc_eui2=AeFAsAccCL9u0dlivfcRMRAROkLoCjKlsLs6QugKMqWwu2U__SI7lXl_72wIASipxIl9elRktMnM0X2i_U2B9gZ7&_nc_ohc=wIywEP8w6TcQ7kNvgENtTkM&_nc_ht=scontent.cdninstagram.com&edm=AL-3X8kEAAAA&oh=00_AYAQbBIuFndiNKSpz5p_jtGWW1b5lBz-10vXT1sMZvjhhg&oe=6656ACBA	17843277876154924
24	17957620226183109	CAROUSEL_ALBUM	IMAGE	https://scontent.cdninstagram.com/v/t39.30808-6/421587021_18029189791848151_7364601708020223638_n.jpg?_nc_cat=109&ccb=1-7&_nc_sid=18de74&_nc_eui2=AeFAsAccCL9u0dlivfcRMRAROkLoCjKlsLs6QugKMqWwu2U__SI7lXl_72wIASipxIl9elRktMnM0X2i_U2B9gZ7&_nc_ohc=wIywEP8w6TcQ7kNvgENtTkM&_nc_ht=scontent.cdninstagram.com&edm=AL-3X8kEAAAA&oh=00_AYAQbBIuFndiNKSpz5p_jtGWW1b5lBz-10vXT1sMZvjhhg&oe=6656ACBA	17843277876154924
25	17935132118501780	CAROUSEL_ALBUM	IMAGE	https://scontent.cdninstagram.com/v/t39.30808-6/421587021_18029189791848151_7364601708020223638_n.jpg?_nc_cat=109&ccb=1-7&_nc_sid=18de74&_nc_eui2=AeFAsAccCL9u0dlivfcRMRAROkLoCjKlsLs6QugKMqWwu2U__SI7lXl_72wIASipxIl9elRktMnM0X2i_U2B9gZ7&_nc_ohc=wIywEP8w6TcQ7kNvgENtTkM&_nc_ht=scontent.cdninstagram.com&edm=AL-3X8kEAAAA&oh=00_AYAQbBIuFndiNKSpz5p_jtGWW1b5lBz-10vXT1sMZvjhhg&oe=6656ACBA	17843277876154924
26	17975602669999778	CAROUSEL_ALBUM	IMAGE	https://scontent.cdninstagram.com/v/t39.30808-6/421587021_18029189791848151_7364601708020223638_n.jpg?_nc_cat=109&ccb=1-7&_nc_sid=18de74&_nc_eui2=AeFAsAccCL9u0dlivfcRMRAROkLoCjKlsLs6QugKMqWwu2U__SI7lXl_72wIASipxIl9elRktMnM0X2i_U2B9gZ7&_nc_ohc=wIywEP8w6TcQ7kNvgENtTkM&_nc_ht=scontent.cdninstagram.com&edm=AL-3X8kEAAAA&oh=00_AYAQbBIuFndiNKSpz5p_jtGWW1b5lBz-10vXT1sMZvjhhg&oe=6656ACBA	17843277876154924
27	17980419661785716	CAROUSEL_ALBUM	IMAGE	https://scontent.cdninstagram.com/v/t39.30808-6/421587021_18029189791848151_7364601708020223638_n.jpg?_nc_cat=109&ccb=1-7&_nc_sid=18de74&_nc_eui2=AeFAsAccCL9u0dlivfcRMRAROkLoCjKlsLs6QugKMqWwu2U__SI7lXl_72wIASipxIl9elRktMnM0X2i_U2B9gZ7&_nc_ohc=wIywEP8w6TcQ7kNvgENtTkM&_nc_ht=scontent.cdninstagram.com&edm=AL-3X8kEAAAA&oh=00_AYAQbBIuFndiNKSpz5p_jtGWW1b5lBz-10vXT1sMZvjhhg&oe=6656ACBA	17843277876154924
28	17985627235816479	CAROUSEL_ALBUM	IMAGE	https://scontent.cdninstagram.com/v/t39.30808-6/421587021_18029189791848151_7364601708020223638_n.jpg?_nc_cat=109&ccb=1-7&_nc_sid=18de74&_nc_eui2=AeFAsAccCL9u0dlivfcRMRAROkLoCjKlsLs6QugKMqWwu2U__SI7lXl_72wIASipxIl9elRktMnM0X2i_U2B9gZ7&_nc_ohc=wIywEP8w6TcQ7kNvgENtTkM&_nc_ht=scontent.cdninstagram.com&edm=AL-3X8kEAAAA&oh=00_AYAQbBIuFndiNKSpz5p_jtGWW1b5lBz-10vXT1sMZvjhhg&oe=6656ACBA	17843277876154924
29	17936678435580317	CAROUSEL_ALBUM	IMAGE	https://scontent.cdninstagram.com/v/t39.30808-6/421587021_18029189791848151_7364601708020223638_n.jpg?_nc_cat=109&ccb=1-7&_nc_sid=18de74&_nc_eui2=AeFAsAccCL9u0dlivfcRMRAROkLoCjKlsLs6QugKMqWwu2U__SI7lXl_72wIASipxIl9elRktMnM0X2i_U2B9gZ7&_nc_ohc=wIywEP8w6TcQ7kNvgENtTkM&_nc_ht=scontent.cdninstagram.com&edm=AL-3X8kEAAAA&oh=00_AYAQbBIuFndiNKSpz5p_jtGWW1b5lBz-10vXT1sMZvjhhg&oe=6656ACBA	17843277876154924
30	17979201958875857	CAROUSEL_ALBUM	IMAGE	https://scontent.cdninstagram.com/v/t39.30808-6/421587021_18029189791848151_7364601708020223638_n.jpg?_nc_cat=109&ccb=1-7&_nc_sid=18de74&_nc_eui2=AeFAsAccCL9u0dlivfcRMRAROkLoCjKlsLs6QugKMqWwu2U__SI7lXl_72wIASipxIl9elRktMnM0X2i_U2B9gZ7&_nc_ohc=wIywEP8w6TcQ7kNvgENtTkM&_nc_ht=scontent.cdninstagram.com&edm=AL-3X8kEAAAA&oh=00_AYAQbBIuFndiNKSpz5p_jtGWW1b5lBz-10vXT1sMZvjhhg&oe=6656ACBA	17843277876154924
31	17978190145738391	CAROUSEL_ALBUM	IMAGE	https://scontent.cdninstagram.com/v/t39.30808-6/421625687_18029189794848151_6131463151935267267_n.jpg?_nc_cat=111&ccb=1-7&_nc_sid=18de74&_nc_eui2=AeGfYCXohvIjMtfsEJtHcC0z7ChPPatFB8zsKE89q0UHzDl2cDzxGBOUyJfToVHsR78uhP9oNX_wgzTmG92sV-ua&_nc_ohc=Wx5JAhOteesQ7kNvgHmx7Og&_nc_ht=scontent.cdninstagram.com&edm=AL-3X8kEAAAA&oh=00_AYAiGJz5145PU8WfcrRdDCkK8sS1luGWHx5poI_83HAG5A&oe=6656BBA8	18242201731219961
32	18239417728149649	CAROUSEL_ALBUM	IMAGE	https://scontent.cdninstagram.com/v/t39.30808-6/421625687_18029189794848151_6131463151935267267_n.jpg?_nc_cat=111&ccb=1-7&_nc_sid=18de74&_nc_eui2=AeGfYCXohvIjMtfsEJtHcC0z7ChPPatFB8zsKE89q0UHzDl2cDzxGBOUyJfToVHsR78uhP9oNX_wgzTmG92sV-ua&_nc_ohc=Wx5JAhOteesQ7kNvgHmx7Og&_nc_ht=scontent.cdninstagram.com&edm=AL-3X8kEAAAA&oh=00_AYAiGJz5145PU8WfcrRdDCkK8sS1luGWHx5poI_83HAG5A&oe=6656BBA8	18242201731219961
33	17970852493869455	CAROUSEL_ALBUM	IMAGE	https://scontent.cdninstagram.com/v/t39.30808-6/421625687_18029189794848151_6131463151935267267_n.jpg?_nc_cat=111&ccb=1-7&_nc_sid=18de74&_nc_eui2=AeGfYCXohvIjMtfsEJtHcC0z7ChPPatFB8zsKE89q0UHzDl2cDzxGBOUyJfToVHsR78uhP9oNX_wgzTmG92sV-ua&_nc_ohc=Wx5JAhOteesQ7kNvgHmx7Og&_nc_ht=scontent.cdninstagram.com&edm=AL-3X8kEAAAA&oh=00_AYAiGJz5145PU8WfcrRdDCkK8sS1luGWHx5poI_83HAG5A&oe=6656BBA8	18242201731219961
34	17858477921823537	CAROUSEL_ALBUM	IMAGE	https://scontent.cdninstagram.com/v/t39.30808-6/421625687_18029189794848151_6131463151935267267_n.jpg?_nc_cat=111&ccb=1-7&_nc_sid=18de74&_nc_eui2=AeGfYCXohvIjMtfsEJtHcC0z7ChPPatFB8zsKE89q0UHzDl2cDzxGBOUyJfToVHsR78uhP9oNX_wgzTmG92sV-ua&_nc_ohc=Wx5JAhOteesQ7kNvgHmx7Og&_nc_ht=scontent.cdninstagram.com&edm=AL-3X8kEAAAA&oh=00_AYAiGJz5145PU8WfcrRdDCkK8sS1luGWHx5poI_83HAG5A&oe=6656BBA8	18242201731219961
35	17990323756717997	CAROUSEL_ALBUM	IMAGE	https://scontent.cdninstagram.com/v/t39.30808-6/421625687_18029189794848151_6131463151935267267_n.jpg?_nc_cat=111&ccb=1-7&_nc_sid=18de74&_nc_eui2=AeGfYCXohvIjMtfsEJtHcC0z7ChPPatFB8zsKE89q0UHzDl2cDzxGBOUyJfToVHsR78uhP9oNX_wgzTmG92sV-ua&_nc_ohc=Wx5JAhOteesQ7kNvgHmx7Og&_nc_ht=scontent.cdninstagram.com&edm=AL-3X8kEAAAA&oh=00_AYAiGJz5145PU8WfcrRdDCkK8sS1luGWHx5poI_83HAG5A&oe=6656BBA8	18242201731219961
36	17946312491417976	CAROUSEL_ALBUM	IMAGE	https://scontent.cdninstagram.com/v/t39.30808-6/421517158_18029189785848151_3566004064110391337_n.jpg?_nc_cat=100&ccb=1-7&_nc_sid=18de74&_nc_eui2=AeHmpcxBqlVPy7E1-rAuCc_gLggrykaXERUuCCvKRpcRFeHAaW_O4tlM7KUR0mc7a4wMhVXEzZbouZH5wd9ybFTg&_nc_ohc=kxIgNi9riEMQ7kNvgEx7yTo&_nc_ht=scontent.cdninstagram.com&edm=AL-3X8kEAAAA&oh=00_AYAc8tgsViIZU8DSeMA-HpV89Ie2D0ZF4FU7yaOU3ns9Fw&oe=6656C3C9	17988550415553437
37	17998050277570171	CAROUSEL_ALBUM	IMAGE	https://scontent.cdninstagram.com/v/t39.30808-6/421517158_18029189785848151_3566004064110391337_n.jpg?_nc_cat=100&ccb=1-7&_nc_sid=18de74&_nc_eui2=AeHmpcxBqlVPy7E1-rAuCc_gLggrykaXERUuCCvKRpcRFeHAaW_O4tlM7KUR0mc7a4wMhVXEzZbouZH5wd9ybFTg&_nc_ohc=kxIgNi9riEMQ7kNvgEx7yTo&_nc_ht=scontent.cdninstagram.com&edm=AL-3X8kEAAAA&oh=00_AYAc8tgsViIZU8DSeMA-HpV89Ie2D0ZF4FU7yaOU3ns9Fw&oe=6656C3C9	17988550415553437
38	18226663675081792	CAROUSEL_ALBUM	IMAGE	https://scontent.cdninstagram.com/v/t39.30808-6/421517158_18029189785848151_3566004064110391337_n.jpg?_nc_cat=100&ccb=1-7&_nc_sid=18de74&_nc_eui2=AeHmpcxBqlVPy7E1-rAuCc_gLggrykaXERUuCCvKRpcRFeHAaW_O4tlM7KUR0mc7a4wMhVXEzZbouZH5wd9ybFTg&_nc_ohc=kxIgNi9riEMQ7kNvgEx7yTo&_nc_ht=scontent.cdninstagram.com&edm=AL-3X8kEAAAA&oh=00_AYAc8tgsViIZU8DSeMA-HpV89Ie2D0ZF4FU7yaOU3ns9Fw&oe=6656C3C9	17988550415553437
39	17945375882417545	CAROUSEL_ALBUM	IMAGE	https://scontent.cdninstagram.com/v/t39.30808-6/421517158_18029189785848151_3566004064110391337_n.jpg?_nc_cat=100&ccb=1-7&_nc_sid=18de74&_nc_eui2=AeHmpcxBqlVPy7E1-rAuCc_gLggrykaXERUuCCvKRpcRFeHAaW_O4tlM7KUR0mc7a4wMhVXEzZbouZH5wd9ybFTg&_nc_ohc=kxIgNi9riEMQ7kNvgEx7yTo&_nc_ht=scontent.cdninstagram.com&edm=AL-3X8kEAAAA&oh=00_AYAc8tgsViIZU8DSeMA-HpV89Ie2D0ZF4FU7yaOU3ns9Fw&oe=6656C3C9	17988550415553437
40	17974769974769563	CAROUSEL_ALBUM	IMAGE	https://scontent.cdninstagram.com/v/t39.30808-6/421517158_18029189785848151_3566004064110391337_n.jpg?_nc_cat=100&ccb=1-7&_nc_sid=18de74&_nc_eui2=AeHmpcxBqlVPy7E1-rAuCc_gLggrykaXERUuCCvKRpcRFeHAaW_O4tlM7KUR0mc7a4wMhVXEzZbouZH5wd9ybFTg&_nc_ohc=kxIgNi9riEMQ7kNvgEx7yTo&_nc_ht=scontent.cdninstagram.com&edm=AL-3X8kEAAAA&oh=00_AYAc8tgsViIZU8DSeMA-HpV89Ie2D0ZF4FU7yaOU3ns9Fw&oe=6656C3C9	17988550415553437
41	17961285041137957	CAROUSEL_ALBUM	IMAGE	https://scontent.cdninstagram.com/v/t39.30808-6/421517158_18029189785848151_3566004064110391337_n.jpg?_nc_cat=100&ccb=1-7&_nc_sid=18de74&_nc_eui2=AeHmpcxBqlVPy7E1-rAuCc_gLggrykaXERUuCCvKRpcRFeHAaW_O4tlM7KUR0mc7a4wMhVXEzZbouZH5wd9ybFTg&_nc_ohc=kxIgNi9riEMQ7kNvgEx7yTo&_nc_ht=scontent.cdninstagram.com&edm=AL-3X8kEAAAA&oh=00_AYAc8tgsViIZU8DSeMA-HpV89Ie2D0ZF4FU7yaOU3ns9Fw&oe=6656C3C9	17988550415553437
42	17931701453556758	CAROUSEL_ALBUM	IMAGE	https://scontent.cdninstagram.com/v/t39.30808-6/419413153_350994384345352_4836941526788348423_n.jpg?_nc_cat=107&ccb=1-7&_nc_sid=18de74&_nc_eui2=AeHTaOtxl0czmFaXnJOrehb8Nab7CK5wmuU1pvsIrnCa5R_lrc4qymK_rPTEqukIZMT8xvZXsJUfKTqdNvMNnKWX&_nc_ohc=eCse8QC1zqkQ7kNvgH27lju&_nc_ht=scontent.cdninstagram.com&edm=AL-3X8kEAAAA&oh=00_AYDSY_S3f6yu6LMeugFbVrkB1Zoa8eRYsGsctChXiJWY2Q&oe=6656D488	18007783643220413
43	17972200513936539	CAROUSEL_ALBUM	IMAGE	https://scontent.cdninstagram.com/v/t39.30808-6/419413153_350994384345352_4836941526788348423_n.jpg?_nc_cat=107&ccb=1-7&_nc_sid=18de74&_nc_eui2=AeHTaOtxl0czmFaXnJOrehb8Nab7CK5wmuU1pvsIrnCa5R_lrc4qymK_rPTEqukIZMT8xvZXsJUfKTqdNvMNnKWX&_nc_ohc=eCse8QC1zqkQ7kNvgH27lju&_nc_ht=scontent.cdninstagram.com&edm=AL-3X8kEAAAA&oh=00_AYDSY_S3f6yu6LMeugFbVrkB1Zoa8eRYsGsctChXiJWY2Q&oe=6656D488	18007783643220413
44	18337501048046447	CAROUSEL_ALBUM	IMAGE	https://scontent.cdninstagram.com/v/t39.30808-6/419413153_350994384345352_4836941526788348423_n.jpg?_nc_cat=107&ccb=1-7&_nc_sid=18de74&_nc_eui2=AeHTaOtxl0czmFaXnJOrehb8Nab7CK5wmuU1pvsIrnCa5R_lrc4qymK_rPTEqukIZMT8xvZXsJUfKTqdNvMNnKWX&_nc_ohc=eCse8QC1zqkQ7kNvgH27lju&_nc_ht=scontent.cdninstagram.com&edm=AL-3X8kEAAAA&oh=00_AYDSY_S3f6yu6LMeugFbVrkB1Zoa8eRYsGsctChXiJWY2Q&oe=6656D488	18007783643220413
45	18014406560219838	CAROUSEL_ALBUM	IMAGE	https://scontent.cdninstagram.com/v/t39.30808-6/419413153_350994384345352_4836941526788348423_n.jpg?_nc_cat=107&ccb=1-7&_nc_sid=18de74&_nc_eui2=AeHTaOtxl0czmFaXnJOrehb8Nab7CK5wmuU1pvsIrnCa5R_lrc4qymK_rPTEqukIZMT8xvZXsJUfKTqdNvMNnKWX&_nc_ohc=eCse8QC1zqkQ7kNvgH27lju&_nc_ht=scontent.cdninstagram.com&edm=AL-3X8kEAAAA&oh=00_AYDSY_S3f6yu6LMeugFbVrkB1Zoa8eRYsGsctChXiJWY2Q&oe=6656D488	18007783643220413
46	18012911482864852	CAROUSEL_ALBUM	IMAGE	https://scontent.cdninstagram.com/v/t39.30808-6/419413153_350994384345352_4836941526788348423_n.jpg?_nc_cat=107&ccb=1-7&_nc_sid=18de74&_nc_eui2=AeHTaOtxl0czmFaXnJOrehb8Nab7CK5wmuU1pvsIrnCa5R_lrc4qymK_rPTEqukIZMT8xvZXsJUfKTqdNvMNnKWX&_nc_ohc=eCse8QC1zqkQ7kNvgH27lju&_nc_ht=scontent.cdninstagram.com&edm=AL-3X8kEAAAA&oh=00_AYDSY_S3f6yu6LMeugFbVrkB1Zoa8eRYsGsctChXiJWY2Q&oe=6656D488	18007783643220413
47	18015261277785871	CAROUSEL_ALBUM	IMAGE	https://scontent.cdninstagram.com/v/t39.30808-6/419740799_350994341012023_2599259257026739546_n.jpg?_nc_cat=102&ccb=1-7&_nc_sid=18de74&_nc_eui2=AeGAH9MueM7ijTBkXnYuYtOgbDDNZZh4CWRsMM1lmHgJZJO1Yo5YI4RmIR-m-rxe_nsYKMLF4uUjQZdPbgSeumA6&_nc_ohc=AbSJ1oA7jiYQ7kNvgH5hgSG&_nc_ht=scontent.cdninstagram.com&edm=AL-3X8kEAAAA&oh=00_AYCBH8PFfLsMu14tK9bl1Ydx2eCD3EMIKwDhH8mU5la0Sg&oe=6656CFD6	18250057474213166
48	18316677496102466	CAROUSEL_ALBUM	IMAGE	https://scontent.cdninstagram.com/v/t39.30808-6/419740799_350994341012023_2599259257026739546_n.jpg?_nc_cat=102&ccb=1-7&_nc_sid=18de74&_nc_eui2=AeGAH9MueM7ijTBkXnYuYtOgbDDNZZh4CWRsMM1lmHgJZJO1Yo5YI4RmIR-m-rxe_nsYKMLF4uUjQZdPbgSeumA6&_nc_ohc=AbSJ1oA7jiYQ7kNvgH5hgSG&_nc_ht=scontent.cdninstagram.com&edm=AL-3X8kEAAAA&oh=00_AYCBH8PFfLsMu14tK9bl1Ydx2eCD3EMIKwDhH8mU5la0Sg&oe=6656CFD6	18250057474213166
49	18049683463435392	CAROUSEL_ALBUM	IMAGE	https://scontent.cdninstagram.com/v/t39.30808-6/419748508_350994367678687_6259562857146695672_n.jpg?_nc_cat=107&ccb=1-7&_nc_sid=18de74&_nc_eui2=AeHfjbe9tEQUYaZze1gMQPXlhLIy7IrrhdCEsjLsiuuF0KvpqNb_nZpL6VdTct4P0mHP5fTD9ccmE92BqTh6PnTq&_nc_ohc=sFg9OEOoSccQ7kNvgEwSYLa&_nc_ht=scontent.cdninstagram.com&edm=AL-3X8kEAAAA&oh=00_AYBeqYW2951sElFTjgfszsIdCedJ1Sqgq1BIo1yJmZckAw&oe=6656A959	17930929688803799
50	17993063657129058	CAROUSEL_ALBUM	IMAGE	https://scontent.cdninstagram.com/v/t39.30808-6/419748508_350994367678687_6259562857146695672_n.jpg?_nc_cat=107&ccb=1-7&_nc_sid=18de74&_nc_eui2=AeHfjbe9tEQUYaZze1gMQPXlhLIy7IrrhdCEsjLsiuuF0KvpqNb_nZpL6VdTct4P0mHP5fTD9ccmE92BqTh6PnTq&_nc_ohc=sFg9OEOoSccQ7kNvgEwSYLa&_nc_ht=scontent.cdninstagram.com&edm=AL-3X8kEAAAA&oh=00_AYBeqYW2951sElFTjgfszsIdCedJ1Sqgq1BIo1yJmZckAw&oe=6656A959	17930929688803799
51	18242719579162133	CAROUSEL_ALBUM	IMAGE	https://scontent.cdninstagram.com/v/t39.30808-6/419748508_350994367678687_6259562857146695672_n.jpg?_nc_cat=107&ccb=1-7&_nc_sid=18de74&_nc_eui2=AeHfjbe9tEQUYaZze1gMQPXlhLIy7IrrhdCEsjLsiuuF0KvpqNb_nZpL6VdTct4P0mHP5fTD9ccmE92BqTh6PnTq&_nc_ohc=sFg9OEOoSccQ7kNvgEwSYLa&_nc_ht=scontent.cdninstagram.com&edm=AL-3X8kEAAAA&oh=00_AYBeqYW2951sElFTjgfszsIdCedJ1Sqgq1BIo1yJmZckAw&oe=6656A959	17930929688803799
52	17960339570278289	CAROUSEL_ALBUM	IMAGE	https://scontent.cdninstagram.com/v/t39.30808-6/419748508_350994367678687_6259562857146695672_n.jpg?_nc_cat=107&ccb=1-7&_nc_sid=18de74&_nc_eui2=AeHfjbe9tEQUYaZze1gMQPXlhLIy7IrrhdCEsjLsiuuF0KvpqNb_nZpL6VdTct4P0mHP5fTD9ccmE92BqTh6PnTq&_nc_ohc=sFg9OEOoSccQ7kNvgEwSYLa&_nc_ht=scontent.cdninstagram.com&edm=AL-3X8kEAAAA&oh=00_AYBeqYW2951sElFTjgfszsIdCedJ1Sqgq1BIo1yJmZckAw&oe=6656A959	17930929688803799
53	18196692265234329	CAROUSEL_ALBUM	IMAGE	https://scontent.cdninstagram.com/v/t39.30808-6/419748508_350994367678687_6259562857146695672_n.jpg?_nc_cat=107&ccb=1-7&_nc_sid=18de74&_nc_eui2=AeHfjbe9tEQUYaZze1gMQPXlhLIy7IrrhdCEsjLsiuuF0KvpqNb_nZpL6VdTct4P0mHP5fTD9ccmE92BqTh6PnTq&_nc_ohc=sFg9OEOoSccQ7kNvgEwSYLa&_nc_ht=scontent.cdninstagram.com&edm=AL-3X8kEAAAA&oh=00_AYBeqYW2951sElFTjgfszsIdCedJ1Sqgq1BIo1yJmZckAw&oe=6656A959	17930929688803799
54	17932358189417551	CAROUSEL_ALBUM	IMAGE	https://scontent.cdninstagram.com/v/t39.30808-6/419748508_350994367678687_6259562857146695672_n.jpg?_nc_cat=107&ccb=1-7&_nc_sid=18de74&_nc_eui2=AeHfjbe9tEQUYaZze1gMQPXlhLIy7IrrhdCEsjLsiuuF0KvpqNb_nZpL6VdTct4P0mHP5fTD9ccmE92BqTh6PnTq&_nc_ohc=sFg9OEOoSccQ7kNvgEwSYLa&_nc_ht=scontent.cdninstagram.com&edm=AL-3X8kEAAAA&oh=00_AYBeqYW2951sElFTjgfszsIdCedJ1Sqgq1BIo1yJmZckAw&oe=6656A959	17930929688803799
55	17933182687919850	CAROUSEL_ALBUM	IMAGE	https://scontent.cdninstagram.com/v/t39.30808-6/419748508_350994367678687_6259562857146695672_n.jpg?_nc_cat=107&ccb=1-7&_nc_sid=18de74&_nc_eui2=AeHfjbe9tEQUYaZze1gMQPXlhLIy7IrrhdCEsjLsiuuF0KvpqNb_nZpL6VdTct4P0mHP5fTD9ccmE92BqTh6PnTq&_nc_ohc=sFg9OEOoSccQ7kNvgEwSYLa&_nc_ht=scontent.cdninstagram.com&edm=AL-3X8kEAAAA&oh=00_AYBeqYW2951sElFTjgfszsIdCedJ1Sqgq1BIo1yJmZckAw&oe=6656A959	17930929688803799
56	17865567998619722	CAROUSEL_ALBUM	IMAGE	https://scontent.cdninstagram.com/v/t39.30808-6/419748508_350994367678687_6259562857146695672_n.jpg?_nc_cat=107&ccb=1-7&_nc_sid=18de74&_nc_eui2=AeHfjbe9tEQUYaZze1gMQPXlhLIy7IrrhdCEsjLsiuuF0KvpqNb_nZpL6VdTct4P0mHP5fTD9ccmE92BqTh6PnTq&_nc_ohc=sFg9OEOoSccQ7kNvgEwSYLa&_nc_ht=scontent.cdninstagram.com&edm=AL-3X8kEAAAA&oh=00_AYBeqYW2951sElFTjgfszsIdCedJ1Sqgq1BIo1yJmZckAw&oe=6656A959	17930929688803799
57	17847530503583685	CAROUSEL_ALBUM	IMAGE	https://scontent.cdninstagram.com/v/t39.30808-6/419748508_350994367678687_6259562857146695672_n.jpg?_nc_cat=107&ccb=1-7&_nc_sid=18de74&_nc_eui2=AeHfjbe9tEQUYaZze1gMQPXlhLIy7IrrhdCEsjLsiuuF0KvpqNb_nZpL6VdTct4P0mHP5fTD9ccmE92BqTh6PnTq&_nc_ohc=sFg9OEOoSccQ7kNvgEwSYLa&_nc_ht=scontent.cdninstagram.com&edm=AL-3X8kEAAAA&oh=00_AYBeqYW2951sElFTjgfszsIdCedJ1Sqgq1BIo1yJmZckAw&oe=6656A959	17930929688803799
58	18043780708198048	CAROUSEL_ALBUM	IMAGE	https://scontent.cdninstagram.com/v/t39.30808-6/419739971_350994371012020_2783822473814193249_n.jpg?_nc_cat=100&ccb=1-7&_nc_sid=18de74&_nc_eui2=AeGEYQdB_gVRp18Tkg4K-xsyIWlbm28LBH4haVubbwsEflGA_GX17KGDEAqomNxDDLp3w4dDE2rLgURDW7FMsUXl&_nc_ohc=lAXMDAKxHusQ7kNvgHjZcyq&_nc_ht=scontent.cdninstagram.com&edm=AL-3X8kEAAAA&oh=00_AYCwJztWHYYxGMwHeg-3Qvmlwek04RtDwHVCQILOCg2rWg&oe=6656C105	17908645877898595
59			IMAGE	https://scontent.cdninstagram.com/v/t39.30808-6/419739971_350994371012020_2783822473814193249_n.jpg?_nc_cat=100&ccb=1-7&_nc_sid=18de74&_nc_eui2=AeGEYQdB_gVRp18Tkg4K-xsyIWlbm28LBH4haVubbwsEflGA_GX17KGDEAqomNxDDLp3w4dDE2rLgURDW7FMsUXl&_nc_ohc=lAXMDAKxHusQ7kNvgHjZcyq&_nc_ht=scontent.cdninstagram.com&edm=AL-3X8kEAAAA&oh=00_AYCwJztWHYYxGMwHeg-3Qvmlwek04RtDwHVCQILOCg2rWg&oe=6656C105	17908645877898595
60			IMAGE	https://scontent.cdninstagram.com/v/t39.30808-6/419739971_350994371012020_2783822473814193249_n.jpg?_nc_cat=100&ccb=1-7&_nc_sid=18de74&_nc_eui2=AeGEYQdB_gVRp18Tkg4K-xsyIWlbm28LBH4haVubbwsEflGA_GX17KGDEAqomNxDDLp3w4dDE2rLgURDW7FMsUXl&_nc_ohc=lAXMDAKxHusQ7kNvgHjZcyq&_nc_ht=scontent.cdninstagram.com&edm=AL-3X8kEAAAA&oh=00_AYCwJztWHYYxGMwHeg-3Qvmlwek04RtDwHVCQILOCg2rWg&oe=6656C105	17908645877898595
61			IMAGE	https://scontent.cdninstagram.com/v/t39.30808-6/419739971_350994371012020_2783822473814193249_n.jpg?_nc_cat=100&ccb=1-7&_nc_sid=18de74&_nc_eui2=AeGEYQdB_gVRp18Tkg4K-xsyIWlbm28LBH4haVubbwsEflGA_GX17KGDEAqomNxDDLp3w4dDE2rLgURDW7FMsUXl&_nc_ohc=lAXMDAKxHusQ7kNvgHjZcyq&_nc_ht=scontent.cdninstagram.com&edm=AL-3X8kEAAAA&oh=00_AYCwJztWHYYxGMwHeg-3Qvmlwek04RtDwHVCQILOCg2rWg&oe=6656C105	17908645877898595
62			IMAGE	https://scontent.cdninstagram.com/v/t39.30808-6/419739971_350994371012020_2783822473814193249_n.jpg?_nc_cat=100&ccb=1-7&_nc_sid=18de74&_nc_eui2=AeGEYQdB_gVRp18Tkg4K-xsyIWlbm28LBH4haVubbwsEflGA_GX17KGDEAqomNxDDLp3w4dDE2rLgURDW7FMsUXl&_nc_ohc=lAXMDAKxHusQ7kNvgHjZcyq&_nc_ht=scontent.cdninstagram.com&edm=AL-3X8kEAAAA&oh=00_AYCwJztWHYYxGMwHeg-3Qvmlwek04RtDwHVCQILOCg2rWg&oe=6656C105	17908645877898595
63			IMAGE	https://scontent.cdninstagram.com/v/t39.30808-6/419739971_350994371012020_2783822473814193249_n.jpg?_nc_cat=100&ccb=1-7&_nc_sid=18de74&_nc_eui2=AeGEYQdB_gVRp18Tkg4K-xsyIWlbm28LBH4haVubbwsEflGA_GX17KGDEAqomNxDDLp3w4dDE2rLgURDW7FMsUXl&_nc_ohc=lAXMDAKxHusQ7kNvgHjZcyq&_nc_ht=scontent.cdninstagram.com&edm=AL-3X8kEAAAA&oh=00_AYCwJztWHYYxGMwHeg-3Qvmlwek04RtDwHVCQILOCg2rWg&oe=6656C105	17908645877898595
64			IMAGE	https://scontent.cdninstagram.com/v/t39.30808-6/419739971_350994371012020_2783822473814193249_n.jpg?_nc_cat=100&ccb=1-7&_nc_sid=18de74&_nc_eui2=AeGEYQdB_gVRp18Tkg4K-xsyIWlbm28LBH4haVubbwsEflGA_GX17KGDEAqomNxDDLp3w4dDE2rLgURDW7FMsUXl&_nc_ohc=lAXMDAKxHusQ7kNvgHjZcyq&_nc_ht=scontent.cdninstagram.com&edm=AL-3X8kEAAAA&oh=00_AYCwJztWHYYxGMwHeg-3Qvmlwek04RtDwHVCQILOCg2rWg&oe=6656C105	17908645877898595
65			IMAGE	https://scontent.cdninstagram.com/v/t39.30808-6/419739971_350994371012020_2783822473814193249_n.jpg?_nc_cat=100&ccb=1-7&_nc_sid=18de74&_nc_eui2=AeGEYQdB_gVRp18Tkg4K-xsyIWlbm28LBH4haVubbwsEflGA_GX17KGDEAqomNxDDLp3w4dDE2rLgURDW7FMsUXl&_nc_ohc=lAXMDAKxHusQ7kNvgHjZcyq&_nc_ht=scontent.cdninstagram.com&edm=AL-3X8kEAAAA&oh=00_AYCwJztWHYYxGMwHeg-3Qvmlwek04RtDwHVCQILOCg2rWg&oe=6656C105	17908645877898595
66			IMAGE	https://scontent.cdninstagram.com/v/t39.30808-6/419739971_350994371012020_2783822473814193249_n.jpg?_nc_cat=100&ccb=1-7&_nc_sid=18de74&_nc_eui2=AeGEYQdB_gVRp18Tkg4K-xsyIWlbm28LBH4haVubbwsEflGA_GX17KGDEAqomNxDDLp3w4dDE2rLgURDW7FMsUXl&_nc_ohc=lAXMDAKxHusQ7kNvgHjZcyq&_nc_ht=scontent.cdninstagram.com&edm=AL-3X8kEAAAA&oh=00_AYCwJztWHYYxGMwHeg-3Qvmlwek04RtDwHVCQILOCg2rWg&oe=6656C105	17908645877898595
67			IMAGE	https://scontent.cdninstagram.com/v/t39.30808-6/419739971_350994371012020_2783822473814193249_n.jpg?_nc_cat=100&ccb=1-7&_nc_sid=18de74&_nc_eui2=AeGEYQdB_gVRp18Tkg4K-xsyIWlbm28LBH4haVubbwsEflGA_GX17KGDEAqomNxDDLp3w4dDE2rLgURDW7FMsUXl&_nc_ohc=lAXMDAKxHusQ7kNvgHjZcyq&_nc_ht=scontent.cdninstagram.com&edm=AL-3X8kEAAAA&oh=00_AYCwJztWHYYxGMwHeg-3Qvmlwek04RtDwHVCQILOCg2rWg&oe=6656C105	17908645877898595
68			IMAGE	https://scontent.cdninstagram.com/v/t39.30808-6/419379825_350994364345354_2512033665422669984_n.jpg?_nc_cat=106&ccb=1-7&_nc_sid=18de74&_nc_eui2=AeHdNlkm0aKkwT2Nw3S4Wtv878xs2S850ObvzGzZLznQ5v_xbKrlTeXFfGro6dWmQajJJ4cloBpFh4Q4d09INn8Z&_nc_ohc=TLZl8Dzz9AEQ7kNvgE7cRke&_nc_ht=scontent.cdninstagram.com&edm=AL-3X8kEAAAA&oh=00_AYD7AdngroGcOI5iKF_t55UBxMONI3DCTgNmEvPbByWGTw&oe=6656DF8B	17984839754418963
69			IMAGE	https://scontent.cdninstagram.com/v/t39.30808-6/419379825_350994364345354_2512033665422669984_n.jpg?_nc_cat=106&ccb=1-7&_nc_sid=18de74&_nc_eui2=AeHdNlkm0aKkwT2Nw3S4Wtv878xs2S850ObvzGzZLznQ5v_xbKrlTeXFfGro6dWmQajJJ4cloBpFh4Q4d09INn8Z&_nc_ohc=TLZl8Dzz9AEQ7kNvgE7cRke&_nc_ht=scontent.cdninstagram.com&edm=AL-3X8kEAAAA&oh=00_AYD7AdngroGcOI5iKF_t55UBxMONI3DCTgNmEvPbByWGTw&oe=6656DF8B	17984839754418963
70			IMAGE	https://scontent.cdninstagram.com/v/t39.30808-6/419379825_350994364345354_2512033665422669984_n.jpg?_nc_cat=106&ccb=1-7&_nc_sid=18de74&_nc_eui2=AeHdNlkm0aKkwT2Nw3S4Wtv878xs2S850ObvzGzZLznQ5v_xbKrlTeXFfGro6dWmQajJJ4cloBpFh4Q4d09INn8Z&_nc_ohc=TLZl8Dzz9AEQ7kNvgE7cRke&_nc_ht=scontent.cdninstagram.com&edm=AL-3X8kEAAAA&oh=00_AYD7AdngroGcOI5iKF_t55UBxMONI3DCTgNmEvPbByWGTw&oe=6656DF8B	17984839754418963
71			IMAGE	https://scontent.cdninstagram.com/v/t39.30808-6/419379825_350994364345354_2512033665422669984_n.jpg?_nc_cat=106&ccb=1-7&_nc_sid=18de74&_nc_eui2=AeHdNlkm0aKkwT2Nw3S4Wtv878xs2S850ObvzGzZLznQ5v_xbKrlTeXFfGro6dWmQajJJ4cloBpFh4Q4d09INn8Z&_nc_ohc=TLZl8Dzz9AEQ7kNvgE7cRke&_nc_ht=scontent.cdninstagram.com&edm=AL-3X8kEAAAA&oh=00_AYD7AdngroGcOI5iKF_t55UBxMONI3DCTgNmEvPbByWGTw&oe=6656DF8B	17984839754418963
72			IMAGE	https://scontent.cdninstagram.com/v/t51.29350-15/418804645_1212437103051008_6479798247463494432_n.jpg?_nc_cat=105&ccb=1-7&_nc_sid=18de74&_nc_eui2=AeHLjdNs3Hdg8RFo26IZP21z01NjCCLbuHfTU2MIItu4d3UZ9qleb908VFdF9rMiJt3FQHfDjt4BtZwcgZqFaHSn&_nc_ohc=feyL3aRuOZgQ7kNvgGE_cXt&_nc_ht=scontent.cdninstagram.com&edm=AM6HXa8EAAAA&oh=00_AYBHf6fl3_fPqPzWhXcItNeW2wi4qielAz1eSHkYJZSoyA&oe=6656C768	17919177449842788
73			IMAGE	https://scontent.cdninstagram.com/v/t51.29350-15/418804645_1212437103051008_6479798247463494432_n.jpg?_nc_cat=105&ccb=1-7&_nc_sid=18de74&_nc_eui2=AeHLjdNs3Hdg8RFo26IZP21z01NjCCLbuHfTU2MIItu4d3UZ9qleb908VFdF9rMiJt3FQHfDjt4BtZwcgZqFaHSn&_nc_ohc=feyL3aRuOZgQ7kNvgGE_cXt&_nc_ht=scontent.cdninstagram.com&edm=AM6HXa8EAAAA&oh=00_AYBHf6fl3_fPqPzWhXcItNeW2wi4qielAz1eSHkYJZSoyA&oe=6656C768	17919177449842788
74			IMAGE	https://scontent.cdninstagram.com/v/t51.29350-15/418804645_1212437103051008_6479798247463494432_n.jpg?_nc_cat=105&ccb=1-7&_nc_sid=18de74&_nc_eui2=AeHLjdNs3Hdg8RFo26IZP21z01NjCCLbuHfTU2MIItu4d3UZ9qleb908VFdF9rMiJt3FQHfDjt4BtZwcgZqFaHSn&_nc_ohc=feyL3aRuOZgQ7kNvgGE_cXt&_nc_ht=scontent.cdninstagram.com&edm=AM6HXa8EAAAA&oh=00_AYBHf6fl3_fPqPzWhXcItNeW2wi4qielAz1eSHkYJZSoyA&oe=6656C768	17919177449842788
75			IMAGE	https://scontent.cdninstagram.com/v/t51.29350-15/418804645_1212437103051008_6479798247463494432_n.jpg?_nc_cat=105&ccb=1-7&_nc_sid=18de74&_nc_eui2=AeHLjdNs3Hdg8RFo26IZP21z01NjCCLbuHfTU2MIItu4d3UZ9qleb908VFdF9rMiJt3FQHfDjt4BtZwcgZqFaHSn&_nc_ohc=feyL3aRuOZgQ7kNvgGE_cXt&_nc_ht=scontent.cdninstagram.com&edm=AM6HXa8EAAAA&oh=00_AYBHf6fl3_fPqPzWhXcItNeW2wi4qielAz1eSHkYJZSoyA&oe=6656C768	17919177449842788
76			IMAGE	https://scontent.cdninstagram.com/v/t51.29350-15/418804645_1212437103051008_6479798247463494432_n.jpg?_nc_cat=105&ccb=1-7&_nc_sid=18de74&_nc_eui2=AeHLjdNs3Hdg8RFo26IZP21z01NjCCLbuHfTU2MIItu4d3UZ9qleb908VFdF9rMiJt3FQHfDjt4BtZwcgZqFaHSn&_nc_ohc=feyL3aRuOZgQ7kNvgGE_cXt&_nc_ht=scontent.cdninstagram.com&edm=AM6HXa8EAAAA&oh=00_AYBHf6fl3_fPqPzWhXcItNeW2wi4qielAz1eSHkYJZSoyA&oe=6656C768	17919177449842788
77			IMAGE	https://scontent.cdninstagram.com/v/t51.29350-15/418804645_1212437103051008_6479798247463494432_n.jpg?_nc_cat=105&ccb=1-7&_nc_sid=18de74&_nc_eui2=AeHLjdNs3Hdg8RFo26IZP21z01NjCCLbuHfTU2MIItu4d3UZ9qleb908VFdF9rMiJt3FQHfDjt4BtZwcgZqFaHSn&_nc_ohc=feyL3aRuOZgQ7kNvgGE_cXt&_nc_ht=scontent.cdninstagram.com&edm=AM6HXa8EAAAA&oh=00_AYBHf6fl3_fPqPzWhXcItNeW2wi4qielAz1eSHkYJZSoyA&oe=6656C768	17919177449842788
78			IMAGE	https://scontent.cdninstagram.com/v/t51.29350-15/418804645_1212437103051008_6479798247463494432_n.jpg?_nc_cat=105&ccb=1-7&_nc_sid=18de74&_nc_eui2=AeHLjdNs3Hdg8RFo26IZP21z01NjCCLbuHfTU2MIItu4d3UZ9qleb908VFdF9rMiJt3FQHfDjt4BtZwcgZqFaHSn&_nc_ohc=feyL3aRuOZgQ7kNvgGE_cXt&_nc_ht=scontent.cdninstagram.com&edm=AM6HXa8EAAAA&oh=00_AYBHf6fl3_fPqPzWhXcItNeW2wi4qielAz1eSHkYJZSoyA&oe=6656C768	17919177449842788
79			IMAGE	https://scontent.cdninstagram.com/v/t51.29350-15/418655274_397542259320920_6046124262006341959_n.jpg?_nc_cat=106&ccb=1-7&_nc_sid=18de74&_nc_eui2=AeGhWEtusE9XuFm4lt6LOOzqnGaB8ypYqTCcZoHzKlipMBMcVaDlcaiLrdd5aETlDjm4EA0HSMlkUhOpohGLks0H&_nc_ohc=0mmRjZXkCmMQ7kNvgHnY6VX&_nc_ht=scontent.cdninstagram.com&edm=AM6HXa8EAAAA&oh=00_AYB0-UYL6X_AyJjAAxezs5H_04Uvlp1oc4G-exPQXxD8Xw&oe=6656C7F0	18032104621797692
80			IMAGE	https://scontent.cdninstagram.com/v/t51.29350-15/418655274_397542259320920_6046124262006341959_n.jpg?_nc_cat=106&ccb=1-7&_nc_sid=18de74&_nc_eui2=AeGhWEtusE9XuFm4lt6LOOzqnGaB8ypYqTCcZoHzKlipMBMcVaDlcaiLrdd5aETlDjm4EA0HSMlkUhOpohGLks0H&_nc_ohc=0mmRjZXkCmMQ7kNvgHnY6VX&_nc_ht=scontent.cdninstagram.com&edm=AM6HXa8EAAAA&oh=00_AYB0-UYL6X_AyJjAAxezs5H_04Uvlp1oc4G-exPQXxD8Xw&oe=6656C7F0	18032104621797692
81			IMAGE	https://scontent.cdninstagram.com/v/t51.29350-15/418655274_397542259320920_6046124262006341959_n.jpg?_nc_cat=106&ccb=1-7&_nc_sid=18de74&_nc_eui2=AeGhWEtusE9XuFm4lt6LOOzqnGaB8ypYqTCcZoHzKlipMBMcVaDlcaiLrdd5aETlDjm4EA0HSMlkUhOpohGLks0H&_nc_ohc=0mmRjZXkCmMQ7kNvgHnY6VX&_nc_ht=scontent.cdninstagram.com&edm=AM6HXa8EAAAA&oh=00_AYB0-UYL6X_AyJjAAxezs5H_04Uvlp1oc4G-exPQXxD8Xw&oe=6656C7F0	18032104621797692
82			IMAGE	https://scontent.cdninstagram.com/v/t51.29350-15/418655274_397542259320920_6046124262006341959_n.jpg?_nc_cat=106&ccb=1-7&_nc_sid=18de74&_nc_eui2=AeGhWEtusE9XuFm4lt6LOOzqnGaB8ypYqTCcZoHzKlipMBMcVaDlcaiLrdd5aETlDjm4EA0HSMlkUhOpohGLks0H&_nc_ohc=0mmRjZXkCmMQ7kNvgHnY6VX&_nc_ht=scontent.cdninstagram.com&edm=AM6HXa8EAAAA&oh=00_AYB0-UYL6X_AyJjAAxezs5H_04Uvlp1oc4G-exPQXxD8Xw&oe=6656C7F0	18032104621797692
83			IMAGE	https://scontent.cdninstagram.com/v/t51.29350-15/418655274_397542259320920_6046124262006341959_n.jpg?_nc_cat=106&ccb=1-7&_nc_sid=18de74&_nc_eui2=AeGhWEtusE9XuFm4lt6LOOzqnGaB8ypYqTCcZoHzKlipMBMcVaDlcaiLrdd5aETlDjm4EA0HSMlkUhOpohGLks0H&_nc_ohc=0mmRjZXkCmMQ7kNvgHnY6VX&_nc_ht=scontent.cdninstagram.com&edm=AM6HXa8EAAAA&oh=00_AYB0-UYL6X_AyJjAAxezs5H_04Uvlp1oc4G-exPQXxD8Xw&oe=6656C7F0	18032104621797692
84			IMAGE	https://scontent.cdninstagram.com/v/t51.29350-15/418655274_397542259320920_6046124262006341959_n.jpg?_nc_cat=106&ccb=1-7&_nc_sid=18de74&_nc_eui2=AeGhWEtusE9XuFm4lt6LOOzqnGaB8ypYqTCcZoHzKlipMBMcVaDlcaiLrdd5aETlDjm4EA0HSMlkUhOpohGLks0H&_nc_ohc=0mmRjZXkCmMQ7kNvgHnY6VX&_nc_ht=scontent.cdninstagram.com&edm=AM6HXa8EAAAA&oh=00_AYB0-UYL6X_AyJjAAxezs5H_04Uvlp1oc4G-exPQXxD8Xw&oe=6656C7F0	18032104621797692
85			IMAGE	https://scontent.cdninstagram.com/v/t51.29350-15/418991511_1117601612953673_1027663786258687908_n.jpg?_nc_cat=111&ccb=1-7&_nc_sid=18de74&_nc_eui2=AeFOjqZYMbWrAdj0BIFYpe5_4AZiENly_NHgBmIQ2XL80d_OUI_iUkLSYLSbMe-k8WujD9bk6Cj9AqzOB5xs9eUJ&_nc_ohc=Nj5MSv9vD8IQ7kNvgFqSxgD&_nc_ht=scontent.cdninstagram.com&edm=AM6HXa8EAAAA&oh=00_AYDYD0mQy7XJEHlTd9Y3lQEXWesHTYomEkRVPckaG_E6pw&oe=6656D938	18406116907060223
86			IMAGE	https://scontent.cdninstagram.com/v/t51.29350-15/418991511_1117601612953673_1027663786258687908_n.jpg?_nc_cat=111&ccb=1-7&_nc_sid=18de74&_nc_eui2=AeFOjqZYMbWrAdj0BIFYpe5_4AZiENly_NHgBmIQ2XL80d_OUI_iUkLSYLSbMe-k8WujD9bk6Cj9AqzOB5xs9eUJ&_nc_ohc=Nj5MSv9vD8IQ7kNvgFqSxgD&_nc_ht=scontent.cdninstagram.com&edm=AM6HXa8EAAAA&oh=00_AYDYD0mQy7XJEHlTd9Y3lQEXWesHTYomEkRVPckaG_E6pw&oe=6656D938	18406116907060223
87			IMAGE	https://scontent.cdninstagram.com/v/t51.29350-15/418991511_1117601612953673_1027663786258687908_n.jpg?_nc_cat=111&ccb=1-7&_nc_sid=18de74&_nc_eui2=AeFOjqZYMbWrAdj0BIFYpe5_4AZiENly_NHgBmIQ2XL80d_OUI_iUkLSYLSbMe-k8WujD9bk6Cj9AqzOB5xs9eUJ&_nc_ohc=Nj5MSv9vD8IQ7kNvgFqSxgD&_nc_ht=scontent.cdninstagram.com&edm=AM6HXa8EAAAA&oh=00_AYDYD0mQy7XJEHlTd9Y3lQEXWesHTYomEkRVPckaG_E6pw&oe=6656D938	18406116907060223
88			IMAGE	https://scontent.cdninstagram.com/v/t51.29350-15/418991511_1117601612953673_1027663786258687908_n.jpg?_nc_cat=111&ccb=1-7&_nc_sid=18de74&_nc_eui2=AeFOjqZYMbWrAdj0BIFYpe5_4AZiENly_NHgBmIQ2XL80d_OUI_iUkLSYLSbMe-k8WujD9bk6Cj9AqzOB5xs9eUJ&_nc_ohc=Nj5MSv9vD8IQ7kNvgFqSxgD&_nc_ht=scontent.cdninstagram.com&edm=AM6HXa8EAAAA&oh=00_AYDYD0mQy7XJEHlTd9Y3lQEXWesHTYomEkRVPckaG_E6pw&oe=6656D938	18406116907060223
89			IMAGE	https://scontent.cdninstagram.com/v/t51.29350-15/418991511_1117601612953673_1027663786258687908_n.jpg?_nc_cat=111&ccb=1-7&_nc_sid=18de74&_nc_eui2=AeFOjqZYMbWrAdj0BIFYpe5_4AZiENly_NHgBmIQ2XL80d_OUI_iUkLSYLSbMe-k8WujD9bk6Cj9AqzOB5xs9eUJ&_nc_ohc=Nj5MSv9vD8IQ7kNvgFqSxgD&_nc_ht=scontent.cdninstagram.com&edm=AM6HXa8EAAAA&oh=00_AYDYD0mQy7XJEHlTd9Y3lQEXWesHTYomEkRVPckaG_E6pw&oe=6656D938	18406116907060223
90			IMAGE	https://scontent.cdninstagram.com/v/t51.29350-15/418781824_1775241412988243_5356497013274212741_n.jpg?_nc_cat=101&ccb=1-7&_nc_sid=18de74&_nc_eui2=AeEP_EwB2L4M5BjQWSBq72RlewOvH-wZRkh7A68f7BlGSIOvNifvATtj5KlB0E5sIsMjKquIq_2jgB2_9KKyiSpL&_nc_ohc=FsCMSsGO1o4Q7kNvgFNLtnE&_nc_ht=scontent.cdninstagram.com&edm=AM6HXa8EAAAA&oh=00_AYCIvGslbbhPe6TTvZl8ivJAVr9t8yKZwkWA7iJTw1zXNw&oe=6656B3CA	18053732719532143
91			IMAGE	https://scontent.cdninstagram.com/v/t51.29350-15/418781824_1775241412988243_5356497013274212741_n.jpg?_nc_cat=101&ccb=1-7&_nc_sid=18de74&_nc_eui2=AeEP_EwB2L4M5BjQWSBq72RlewOvH-wZRkh7A68f7BlGSIOvNifvATtj5KlB0E5sIsMjKquIq_2jgB2_9KKyiSpL&_nc_ohc=FsCMSsGO1o4Q7kNvgFNLtnE&_nc_ht=scontent.cdninstagram.com&edm=AM6HXa8EAAAA&oh=00_AYCIvGslbbhPe6TTvZl8ivJAVr9t8yKZwkWA7iJTw1zXNw&oe=6656B3CA	18053732719532143
92			IMAGE	https://scontent.cdninstagram.com/v/t51.29350-15/418781824_1775241412988243_5356497013274212741_n.jpg?_nc_cat=101&ccb=1-7&_nc_sid=18de74&_nc_eui2=AeEP_EwB2L4M5BjQWSBq72RlewOvH-wZRkh7A68f7BlGSIOvNifvATtj5KlB0E5sIsMjKquIq_2jgB2_9KKyiSpL&_nc_ohc=FsCMSsGO1o4Q7kNvgFNLtnE&_nc_ht=scontent.cdninstagram.com&edm=AM6HXa8EAAAA&oh=00_AYCIvGslbbhPe6TTvZl8ivJAVr9t8yKZwkWA7iJTw1zXNw&oe=6656B3CA	18053732719532143
93			IMAGE	https://scontent.cdninstagram.com/v/t51.29350-15/418781824_1775241412988243_5356497013274212741_n.jpg?_nc_cat=101&ccb=1-7&_nc_sid=18de74&_nc_eui2=AeEP_EwB2L4M5BjQWSBq72RlewOvH-wZRkh7A68f7BlGSIOvNifvATtj5KlB0E5sIsMjKquIq_2jgB2_9KKyiSpL&_nc_ohc=FsCMSsGO1o4Q7kNvgFNLtnE&_nc_ht=scontent.cdninstagram.com&edm=AM6HXa8EAAAA&oh=00_AYCIvGslbbhPe6TTvZl8ivJAVr9t8yKZwkWA7iJTw1zXNw&oe=6656B3CA	18053732719532143
94			IMAGE	https://scontent.cdninstagram.com/v/t51.29350-15/418781824_1775241412988243_5356497013274212741_n.jpg?_nc_cat=101&ccb=1-7&_nc_sid=18de74&_nc_eui2=AeEP_EwB2L4M5BjQWSBq72RlewOvH-wZRkh7A68f7BlGSIOvNifvATtj5KlB0E5sIsMjKquIq_2jgB2_9KKyiSpL&_nc_ohc=FsCMSsGO1o4Q7kNvgFNLtnE&_nc_ht=scontent.cdninstagram.com&edm=AM6HXa8EAAAA&oh=00_AYCIvGslbbhPe6TTvZl8ivJAVr9t8yKZwkWA7iJTw1zXNw&oe=6656B3CA	18053732719532143
95			IMAGE	https://scontent.cdninstagram.com/v/t51.29350-15/418781824_1775241412988243_5356497013274212741_n.jpg?_nc_cat=101&ccb=1-7&_nc_sid=18de74&_nc_eui2=AeEP_EwB2L4M5BjQWSBq72RlewOvH-wZRkh7A68f7BlGSIOvNifvATtj5KlB0E5sIsMjKquIq_2jgB2_9KKyiSpL&_nc_ohc=FsCMSsGO1o4Q7kNvgFNLtnE&_nc_ht=scontent.cdninstagram.com&edm=AM6HXa8EAAAA&oh=00_AYCIvGslbbhPe6TTvZl8ivJAVr9t8yKZwkWA7iJTw1zXNw&oe=6656B3CA	18053732719532143
96			IMAGE	https://scontent.cdninstagram.com/v/t51.29350-15/418781824_1775241412988243_5356497013274212741_n.jpg?_nc_cat=101&ccb=1-7&_nc_sid=18de74&_nc_eui2=AeEP_EwB2L4M5BjQWSBq72RlewOvH-wZRkh7A68f7BlGSIOvNifvATtj5KlB0E5sIsMjKquIq_2jgB2_9KKyiSpL&_nc_ohc=FsCMSsGO1o4Q7kNvgFNLtnE&_nc_ht=scontent.cdninstagram.com&edm=AM6HXa8EAAAA&oh=00_AYCIvGslbbhPe6TTvZl8ivJAVr9t8yKZwkWA7iJTw1zXNw&oe=6656B3CA	18053732719532143
97			IMAGE	https://scontent.cdninstagram.com/v/t51.29350-15/419024997_336845145842423_6268582542148780231_n.jpg?_nc_cat=100&ccb=1-7&_nc_sid=18de74&_nc_eui2=AeECti3HUxi-vVnABi0bWY58TR0MNRvDKahNHQw1G8MpqESyS3Wt_MKcNUmIQ6wOBkwB0WW2oEOiJnsxjtiliH1i&_nc_ohc=LQCSOrhxlqcQ7kNvgH6mcjl&_nc_ht=scontent.cdninstagram.com&edm=AM6HXa8EAAAA&oh=00_AYD9e3eOFGJYCxJ28LSWAIw_YfdLmwQoY8_CEbHUJN2BFQ&oe=6656A8A9	18407938273031035
98			IMAGE	https://scontent.cdninstagram.com/v/t51.29350-15/419024997_336845145842423_6268582542148780231_n.jpg?_nc_cat=100&ccb=1-7&_nc_sid=18de74&_nc_eui2=AeECti3HUxi-vVnABi0bWY58TR0MNRvDKahNHQw1G8MpqESyS3Wt_MKcNUmIQ6wOBkwB0WW2oEOiJnsxjtiliH1i&_nc_ohc=LQCSOrhxlqcQ7kNvgH6mcjl&_nc_ht=scontent.cdninstagram.com&edm=AM6HXa8EAAAA&oh=00_AYD9e3eOFGJYCxJ28LSWAIw_YfdLmwQoY8_CEbHUJN2BFQ&oe=6656A8A9	18407938273031035
99			IMAGE	https://scontent.cdninstagram.com/v/t51.29350-15/419024997_336845145842423_6268582542148780231_n.jpg?_nc_cat=100&ccb=1-7&_nc_sid=18de74&_nc_eui2=AeECti3HUxi-vVnABi0bWY58TR0MNRvDKahNHQw1G8MpqESyS3Wt_MKcNUmIQ6wOBkwB0WW2oEOiJnsxjtiliH1i&_nc_ohc=LQCSOrhxlqcQ7kNvgH6mcjl&_nc_ht=scontent.cdninstagram.com&edm=AM6HXa8EAAAA&oh=00_AYD9e3eOFGJYCxJ28LSWAIw_YfdLmwQoY8_CEbHUJN2BFQ&oe=6656A8A9	18407938273031035
100			IMAGE	https://scontent.cdninstagram.com/v/t51.29350-15/418763084_734268791969135_6838221280672620338_n.jpg?_nc_cat=107&ccb=1-7&_nc_sid=18de74&_nc_eui2=AeEUfdeyvMe7QuUlrFzDj6LuSxXFDT3BjLpLFcUNPcGMuigaTFRAE71l3i8zby1gF8xc0vvkdP2ZM9OhWInmqyGk&_nc_ohc=lPGJ6uQ9kw0Q7kNvgGCV6-D&_nc_ht=scontent.cdninstagram.com&edm=AM6HXa8EAAAA&oh=00_AYCGWgg_vEmHKCXzwyuFoFPOfliDF7QoRX4BCm3oICb1tg&oe=6656DF40	18016358420086284
101			IMAGE	https://scontent.cdninstagram.com/v/t51.29350-15/418763084_734268791969135_6838221280672620338_n.jpg?_nc_cat=107&ccb=1-7&_nc_sid=18de74&_nc_eui2=AeEUfdeyvMe7QuUlrFzDj6LuSxXFDT3BjLpLFcUNPcGMuigaTFRAE71l3i8zby1gF8xc0vvkdP2ZM9OhWInmqyGk&_nc_ohc=lPGJ6uQ9kw0Q7kNvgGCV6-D&_nc_ht=scontent.cdninstagram.com&edm=AM6HXa8EAAAA&oh=00_AYCGWgg_vEmHKCXzwyuFoFPOfliDF7QoRX4BCm3oICb1tg&oe=6656DF40	18016358420086284
102			IMAGE	https://scontent.cdninstagram.com/v/t51.29350-15/418830750_1081977253034370_1925165328305986391_n.jpg?_nc_cat=111&ccb=1-7&_nc_sid=18de74&_nc_eui2=AeH-SKj1grYOVYmJ4_-8jv49J-Oovgbj9Bon46i-BuP0GnNq8fMFCHxDoGH4kBTSZiWik-swPzEvhfcw1FKlX-Cq&_nc_ohc=YVFNjtrcc1oQ7kNvgE4iFfm&_nc_ht=scontent.cdninstagram.com&edm=AM6HXa8EAAAA&oh=00_AYCxiAY11SOFVwjLPXVLD8RkrAdGu0_fCNxhzOm9WejXyQ&oe=6656C4F4	18411624712047014
103			IMAGE	https://scontent.cdninstagram.com/v/t51.29350-15/418830750_1081977253034370_1925165328305986391_n.jpg?_nc_cat=111&ccb=1-7&_nc_sid=18de74&_nc_eui2=AeH-SKj1grYOVYmJ4_-8jv49J-Oovgbj9Bon46i-BuP0GnNq8fMFCHxDoGH4kBTSZiWik-swPzEvhfcw1FKlX-Cq&_nc_ohc=YVFNjtrcc1oQ7kNvgE4iFfm&_nc_ht=scontent.cdninstagram.com&edm=AM6HXa8EAAAA&oh=00_AYCxiAY11SOFVwjLPXVLD8RkrAdGu0_fCNxhzOm9WejXyQ&oe=6656C4F4	18411624712047014
104			IMAGE	https://scontent.cdninstagram.com/v/t51.29350-15/418830750_1081977253034370_1925165328305986391_n.jpg?_nc_cat=111&ccb=1-7&_nc_sid=18de74&_nc_eui2=AeH-SKj1grYOVYmJ4_-8jv49J-Oovgbj9Bon46i-BuP0GnNq8fMFCHxDoGH4kBTSZiWik-swPzEvhfcw1FKlX-Cq&_nc_ohc=YVFNjtrcc1oQ7kNvgE4iFfm&_nc_ht=scontent.cdninstagram.com&edm=AM6HXa8EAAAA&oh=00_AYCxiAY11SOFVwjLPXVLD8RkrAdGu0_fCNxhzOm9WejXyQ&oe=6656C4F4	18411624712047014
105			IMAGE	https://scontent.cdninstagram.com/v/t51.29350-15/418830750_1081977253034370_1925165328305986391_n.jpg?_nc_cat=111&ccb=1-7&_nc_sid=18de74&_nc_eui2=AeH-SKj1grYOVYmJ4_-8jv49J-Oovgbj9Bon46i-BuP0GnNq8fMFCHxDoGH4kBTSZiWik-swPzEvhfcw1FKlX-Cq&_nc_ohc=YVFNjtrcc1oQ7kNvgE4iFfm&_nc_ht=scontent.cdninstagram.com&edm=AM6HXa8EAAAA&oh=00_AYCxiAY11SOFVwjLPXVLD8RkrAdGu0_fCNxhzOm9WejXyQ&oe=6656C4F4	18411624712047014
106			IMAGE	https://scontent.cdninstagram.com/v/t51.29350-15/418991606_1105476053782932_7391602833776699401_n.jpg?_nc_cat=104&ccb=1-7&_nc_sid=18de74&_nc_eui2=AeE_ndHz0vz0Em-q9_qbkpt2DW9AlQY2USMNb0CVBjZRIzdJZ5h_TMTgRu2e7FAtzFE3pyecGUA-wed3U24JCzP-&_nc_ohc=RJKaHmw9_wgQ7kNvgFpGlFX&_nc_ht=scontent.cdninstagram.com&edm=AM6HXa8EAAAA&oh=00_AYCHQ6R9FxcgZ5QKRzGTX_mKOT_7Sz-aiwVYP9BS4BJ6Fw&oe=6656DA58	18016475774083242
107			IMAGE	https://scontent.cdninstagram.com/v/t51.29350-15/418991606_1105476053782932_7391602833776699401_n.jpg?_nc_cat=104&ccb=1-7&_nc_sid=18de74&_nc_eui2=AeE_ndHz0vz0Em-q9_qbkpt2DW9AlQY2USMNb0CVBjZRIzdJZ5h_TMTgRu2e7FAtzFE3pyecGUA-wed3U24JCzP-&_nc_ohc=RJKaHmw9_wgQ7kNvgFpGlFX&_nc_ht=scontent.cdninstagram.com&edm=AM6HXa8EAAAA&oh=00_AYCHQ6R9FxcgZ5QKRzGTX_mKOT_7Sz-aiwVYP9BS4BJ6Fw&oe=6656DA58	18016475774083242
108			IMAGE	https://scontent.cdninstagram.com/v/t51.29350-15/418991606_1105476053782932_7391602833776699401_n.jpg?_nc_cat=104&ccb=1-7&_nc_sid=18de74&_nc_eui2=AeE_ndHz0vz0Em-q9_qbkpt2DW9AlQY2USMNb0CVBjZRIzdJZ5h_TMTgRu2e7FAtzFE3pyecGUA-wed3U24JCzP-&_nc_ohc=RJKaHmw9_wgQ7kNvgFpGlFX&_nc_ht=scontent.cdninstagram.com&edm=AM6HXa8EAAAA&oh=00_AYCHQ6R9FxcgZ5QKRzGTX_mKOT_7Sz-aiwVYP9BS4BJ6Fw&oe=6656DA58	18016475774083242
109			IMAGE	https://scontent.cdninstagram.com/v/t51.29350-15/418991606_1105476053782932_7391602833776699401_n.jpg?_nc_cat=104&ccb=1-7&_nc_sid=18de74&_nc_eui2=AeE_ndHz0vz0Em-q9_qbkpt2DW9AlQY2USMNb0CVBjZRIzdJZ5h_TMTgRu2e7FAtzFE3pyecGUA-wed3U24JCzP-&_nc_ohc=RJKaHmw9_wgQ7kNvgFpGlFX&_nc_ht=scontent.cdninstagram.com&edm=AM6HXa8EAAAA&oh=00_AYCHQ6R9FxcgZ5QKRzGTX_mKOT_7Sz-aiwVYP9BS4BJ6Fw&oe=6656DA58	18016475774083242
110			IMAGE	https://scontent.cdninstagram.com/v/t51.29350-15/418991526_231400360008370_6441203859543031983_n.jpg?_nc_cat=111&ccb=1-7&_nc_sid=18de74&_nc_eui2=AeEdG9MFWsghmnENXbGirnrgmaVGm2wZIV6ZpUabbBkhXhTb3u8cxXcVTdY5YqPqaSNiz7PYY2QyJdh0yMSIuBT9&_nc_ohc=8sNyToe_FZkQ7kNvgG3tz32&_nc_ht=scontent.cdninstagram.com&edm=AM6HXa8EAAAA&oh=00_AYAk4_HHRRRAMR_hXKR0D5aEZEw7pCINc_FScJ5TfhnLUg&oe=6656D188	17881736052003785
111			IMAGE	https://scontent.cdninstagram.com/v/t51.29350-15/418991526_231400360008370_6441203859543031983_n.jpg?_nc_cat=111&ccb=1-7&_nc_sid=18de74&_nc_eui2=AeEdG9MFWsghmnENXbGirnrgmaVGm2wZIV6ZpUabbBkhXhTb3u8cxXcVTdY5YqPqaSNiz7PYY2QyJdh0yMSIuBT9&_nc_ohc=8sNyToe_FZkQ7kNvgG3tz32&_nc_ht=scontent.cdninstagram.com&edm=AM6HXa8EAAAA&oh=00_AYAk4_HHRRRAMR_hXKR0D5aEZEw7pCINc_FScJ5TfhnLUg&oe=6656D188	17881736052003785
112			IMAGE	https://scontent.cdninstagram.com/v/t51.29350-15/418991526_231400360008370_6441203859543031983_n.jpg?_nc_cat=111&ccb=1-7&_nc_sid=18de74&_nc_eui2=AeEdG9MFWsghmnENXbGirnrgmaVGm2wZIV6ZpUabbBkhXhTb3u8cxXcVTdY5YqPqaSNiz7PYY2QyJdh0yMSIuBT9&_nc_ohc=8sNyToe_FZkQ7kNvgG3tz32&_nc_ht=scontent.cdninstagram.com&edm=AM6HXa8EAAAA&oh=00_AYAk4_HHRRRAMR_hXKR0D5aEZEw7pCINc_FScJ5TfhnLUg&oe=6656D188	17881736052003785
113			IMAGE	https://scontent.cdninstagram.com/v/t51.29350-15/418991526_231400360008370_6441203859543031983_n.jpg?_nc_cat=111&ccb=1-7&_nc_sid=18de74&_nc_eui2=AeEdG9MFWsghmnENXbGirnrgmaVGm2wZIV6ZpUabbBkhXhTb3u8cxXcVTdY5YqPqaSNiz7PYY2QyJdh0yMSIuBT9&_nc_ohc=8sNyToe_FZkQ7kNvgG3tz32&_nc_ht=scontent.cdninstagram.com&edm=AM6HXa8EAAAA&oh=00_AYAk4_HHRRRAMR_hXKR0D5aEZEw7pCINc_FScJ5TfhnLUg&oe=6656D188	17881736052003785
114			IMAGE	https://scontent.cdninstagram.com/v/t51.29350-15/416486823_1412161862987988_2605986097841192727_n.jpg?_nc_cat=103&ccb=1-7&_nc_sid=18de74&_nc_eui2=AeHawSc8uI1ybe9rv5aVFVxkKZFUo1w-4PcpkVSjXD7g98Vaog0euVgGqypDF7d-WPheoILYCDtGefMp7m07C4FG&_nc_ohc=aFjenTNxo9EQ7kNvgGZPyOs&_nc_ht=scontent.cdninstagram.com&edm=AM6HXa8EAAAA&oh=00_AYBEYuENxESiIIc4G-JWYGmgVv3uQFGLHsVifQWFZMr7Ww&oe=6656C726	18317215816186489
115			IMAGE	https://scontent.cdninstagram.com/v/t51.29350-15/416486823_1412161862987988_2605986097841192727_n.jpg?_nc_cat=103&ccb=1-7&_nc_sid=18de74&_nc_eui2=AeHawSc8uI1ybe9rv5aVFVxkKZFUo1w-4PcpkVSjXD7g98Vaog0euVgGqypDF7d-WPheoILYCDtGefMp7m07C4FG&_nc_ohc=aFjenTNxo9EQ7kNvgGZPyOs&_nc_ht=scontent.cdninstagram.com&edm=AM6HXa8EAAAA&oh=00_AYBEYuENxESiIIc4G-JWYGmgVv3uQFGLHsVifQWFZMr7Ww&oe=6656C726	18317215816186489
116			IMAGE	https://scontent.cdninstagram.com/v/t51.29350-15/416486823_1412161862987988_2605986097841192727_n.jpg?_nc_cat=103&ccb=1-7&_nc_sid=18de74&_nc_eui2=AeHawSc8uI1ybe9rv5aVFVxkKZFUo1w-4PcpkVSjXD7g98Vaog0euVgGqypDF7d-WPheoILYCDtGefMp7m07C4FG&_nc_ohc=aFjenTNxo9EQ7kNvgGZPyOs&_nc_ht=scontent.cdninstagram.com&edm=AM6HXa8EAAAA&oh=00_AYBEYuENxESiIIc4G-JWYGmgVv3uQFGLHsVifQWFZMr7Ww&oe=6656C726	18317215816186489
117			IMAGE	https://scontent.cdninstagram.com/v/t51.29350-15/416486823_1412161862987988_2605986097841192727_n.jpg?_nc_cat=103&ccb=1-7&_nc_sid=18de74&_nc_eui2=AeHawSc8uI1ybe9rv5aVFVxkKZFUo1w-4PcpkVSjXD7g98Vaog0euVgGqypDF7d-WPheoILYCDtGefMp7m07C4FG&_nc_ohc=aFjenTNxo9EQ7kNvgGZPyOs&_nc_ht=scontent.cdninstagram.com&edm=AM6HXa8EAAAA&oh=00_AYBEYuENxESiIIc4G-JWYGmgVv3uQFGLHsVifQWFZMr7Ww&oe=6656C726	18317215816186489
118			IMAGE	https://scontent.cdninstagram.com/v/t51.29350-15/416486823_1412161862987988_2605986097841192727_n.jpg?_nc_cat=103&ccb=1-7&_nc_sid=18de74&_nc_eui2=AeHawSc8uI1ybe9rv5aVFVxkKZFUo1w-4PcpkVSjXD7g98Vaog0euVgGqypDF7d-WPheoILYCDtGefMp7m07C4FG&_nc_ohc=aFjenTNxo9EQ7kNvgGZPyOs&_nc_ht=scontent.cdninstagram.com&edm=AM6HXa8EAAAA&oh=00_AYBEYuENxESiIIc4G-JWYGmgVv3uQFGLHsVifQWFZMr7Ww&oe=6656C726	18317215816186489
119			IMAGE	https://scontent.cdninstagram.com/v/t51.29350-15/416486823_1412161862987988_2605986097841192727_n.jpg?_nc_cat=103&ccb=1-7&_nc_sid=18de74&_nc_eui2=AeHawSc8uI1ybe9rv5aVFVxkKZFUo1w-4PcpkVSjXD7g98Vaog0euVgGqypDF7d-WPheoILYCDtGefMp7m07C4FG&_nc_ohc=aFjenTNxo9EQ7kNvgGZPyOs&_nc_ht=scontent.cdninstagram.com&edm=AM6HXa8EAAAA&oh=00_AYBEYuENxESiIIc4G-JWYGmgVv3uQFGLHsVifQWFZMr7Ww&oe=6656C726	18317215816186489
120			IMAGE	https://scontent.cdninstagram.com/v/t51.29350-15/416096323_753225912851134_6161088247538280269_n.jpg?_nc_cat=100&ccb=1-7&_nc_sid=18de74&_nc_eui2=AeEP0yu7kMbDa_3b0031J0n172WAXviIDvfvZYBe-IgO95DRlVPbbZixBe0DM4j0qG4MyA9j3XOqV413sU9T8RfR&_nc_ohc=YQR3T8V05dYQ7kNvgFKabGk&_nc_ht=scontent.cdninstagram.com&edm=AM6HXa8EAAAA&oh=00_AYA7-Nr-Wp8BHJfZPN9wPdYWBPOUHuEEdKqn0FoyjyzZsQ&oe=6656DB2E	17871174228026702
121			IMAGE	https://scontent.cdninstagram.com/v/t51.29350-15/416096323_753225912851134_6161088247538280269_n.jpg?_nc_cat=100&ccb=1-7&_nc_sid=18de74&_nc_eui2=AeEP0yu7kMbDa_3b0031J0n172WAXviIDvfvZYBe-IgO95DRlVPbbZixBe0DM4j0qG4MyA9j3XOqV413sU9T8RfR&_nc_ohc=YQR3T8V05dYQ7kNvgFKabGk&_nc_ht=scontent.cdninstagram.com&edm=AM6HXa8EAAAA&oh=00_AYA7-Nr-Wp8BHJfZPN9wPdYWBPOUHuEEdKqn0FoyjyzZsQ&oe=6656DB2E	17871174228026702
122			IMAGE	https://scontent.cdninstagram.com/v/t51.29350-15/416096323_753225912851134_6161088247538280269_n.jpg?_nc_cat=100&ccb=1-7&_nc_sid=18de74&_nc_eui2=AeEP0yu7kMbDa_3b0031J0n172WAXviIDvfvZYBe-IgO95DRlVPbbZixBe0DM4j0qG4MyA9j3XOqV413sU9T8RfR&_nc_ohc=YQR3T8V05dYQ7kNvgFKabGk&_nc_ht=scontent.cdninstagram.com&edm=AM6HXa8EAAAA&oh=00_AYA7-Nr-Wp8BHJfZPN9wPdYWBPOUHuEEdKqn0FoyjyzZsQ&oe=6656DB2E	17871174228026702
123			IMAGE	https://scontent.cdninstagram.com/v/t51.29350-15/416096323_753225912851134_6161088247538280269_n.jpg?_nc_cat=100&ccb=1-7&_nc_sid=18de74&_nc_eui2=AeEP0yu7kMbDa_3b0031J0n172WAXviIDvfvZYBe-IgO95DRlVPbbZixBe0DM4j0qG4MyA9j3XOqV413sU9T8RfR&_nc_ohc=YQR3T8V05dYQ7kNvgFKabGk&_nc_ht=scontent.cdninstagram.com&edm=AM6HXa8EAAAA&oh=00_AYA7-Nr-Wp8BHJfZPN9wPdYWBPOUHuEEdKqn0FoyjyzZsQ&oe=6656DB2E	17871174228026702
124			IMAGE	https://scontent.cdninstagram.com/v/t51.29350-15/416096323_753225912851134_6161088247538280269_n.jpg?_nc_cat=100&ccb=1-7&_nc_sid=18de74&_nc_eui2=AeEP0yu7kMbDa_3b0031J0n172WAXviIDvfvZYBe-IgO95DRlVPbbZixBe0DM4j0qG4MyA9j3XOqV413sU9T8RfR&_nc_ohc=YQR3T8V05dYQ7kNvgFKabGk&_nc_ht=scontent.cdninstagram.com&edm=AM6HXa8EAAAA&oh=00_AYA7-Nr-Wp8BHJfZPN9wPdYWBPOUHuEEdKqn0FoyjyzZsQ&oe=6656DB2E	17871174228026702
125			IMAGE	https://scontent.cdninstagram.com/v/t51.29350-15/416096323_753225912851134_6161088247538280269_n.jpg?_nc_cat=100&ccb=1-7&_nc_sid=18de74&_nc_eui2=AeEP0yu7kMbDa_3b0031J0n172WAXviIDvfvZYBe-IgO95DRlVPbbZixBe0DM4j0qG4MyA9j3XOqV413sU9T8RfR&_nc_ohc=YQR3T8V05dYQ7kNvgFKabGk&_nc_ht=scontent.cdninstagram.com&edm=AM6HXa8EAAAA&oh=00_AYA7-Nr-Wp8BHJfZPN9wPdYWBPOUHuEEdKqn0FoyjyzZsQ&oe=6656DB2E	17871174228026702
126			IMAGE	https://scontent.cdninstagram.com/v/t51.29350-15/416332967_1634846643928972_5883383391844133406_n.jpg?_nc_cat=103&ccb=1-7&_nc_sid=18de74&_nc_eui2=AeHXIqCIWDQCGYlrhSxHW1QKy1ow1tJ3m-nLWjDW0neb6a3OR420Ar4jsI46qFeg5XMmmghAmc-hcYvQfh132-6R&_nc_ohc=H9KOUQd0eRoQ7kNvgEPetff&_nc_ht=scontent.cdninstagram.com&edm=AM6HXa8EAAAA&oh=00_AYAGtD6bo_oh8nRRgd0qWPnNlycCwRmGP_ZvNZSvepd0Zw&oe=6656AA85	17996023718431814
127			IMAGE	https://scontent.cdninstagram.com/v/t51.29350-15/416332967_1634846643928972_5883383391844133406_n.jpg?_nc_cat=103&ccb=1-7&_nc_sid=18de74&_nc_eui2=AeHXIqCIWDQCGYlrhSxHW1QKy1ow1tJ3m-nLWjDW0neb6a3OR420Ar4jsI46qFeg5XMmmghAmc-hcYvQfh132-6R&_nc_ohc=H9KOUQd0eRoQ7kNvgEPetff&_nc_ht=scontent.cdninstagram.com&edm=AM6HXa8EAAAA&oh=00_AYAGtD6bo_oh8nRRgd0qWPnNlycCwRmGP_ZvNZSvepd0Zw&oe=6656AA85	17996023718431814
128			IMAGE	https://scontent.cdninstagram.com/v/t51.29350-15/416316128_736753678068097_2331428762401965733_n.jpg?_nc_cat=104&ccb=1-7&_nc_sid=18de74&_nc_eui2=AeHTScWqy1-bS2pbhJEUYYDjQFVbiKjEQzVAVVuIqMRDNfULnhruAR6EzbkxHqE2xgzGOl48XyovQsgS4uWcQJpL&_nc_ohc=9lFdRefjNaQQ7kNvgHw_iMT&_nc_ht=scontent.cdninstagram.com&edm=AM6HXa8EAAAA&oh=00_AYC7P_3KjrJOSOIDexdxnGuIKh939aHC_tMZ6d27wL4D2Q&oe=6656CA27	18273482635167358
129			IMAGE	https://scontent.cdninstagram.com/v/t51.29350-15/416316128_736753678068097_2331428762401965733_n.jpg?_nc_cat=104&ccb=1-7&_nc_sid=18de74&_nc_eui2=AeHTScWqy1-bS2pbhJEUYYDjQFVbiKjEQzVAVVuIqMRDNfULnhruAR6EzbkxHqE2xgzGOl48XyovQsgS4uWcQJpL&_nc_ohc=9lFdRefjNaQQ7kNvgHw_iMT&_nc_ht=scontent.cdninstagram.com&edm=AM6HXa8EAAAA&oh=00_AYC7P_3KjrJOSOIDexdxnGuIKh939aHC_tMZ6d27wL4D2Q&oe=6656CA27	18273482635167358
130			IMAGE	https://scontent.cdninstagram.com/v/t51.29350-15/416586301_935623134789553_331913643979420042_n.jpg?_nc_cat=103&ccb=1-7&_nc_sid=18de74&_nc_eui2=AeG11-RJJVl_ttXGADojZOKo-KN8fXCvOL34o3x9cK84ven1EAcpOPwL8PGj6nGor0BGkwfp-yXTuJb2klk04f25&_nc_ohc=bVN_ZUDnsH0Q7kNvgHG4LUG&_nc_ht=scontent.cdninstagram.com&edm=AM6HXa8EAAAA&oh=00_AYDtuSkEB8Sgdj4DcQEMxMdTwLI_jUi0oYm5ZmzVjB_eYg&oe=6656D161	17987597501551258
131			IMAGE	https://scontent.cdninstagram.com/v/t51.29350-15/416586301_935623134789553_331913643979420042_n.jpg?_nc_cat=103&ccb=1-7&_nc_sid=18de74&_nc_eui2=AeG11-RJJVl_ttXGADojZOKo-KN8fXCvOL34o3x9cK84ven1EAcpOPwL8PGj6nGor0BGkwfp-yXTuJb2klk04f25&_nc_ohc=bVN_ZUDnsH0Q7kNvgHG4LUG&_nc_ht=scontent.cdninstagram.com&edm=AM6HXa8EAAAA&oh=00_AYDtuSkEB8Sgdj4DcQEMxMdTwLI_jUi0oYm5ZmzVjB_eYg&oe=6656D161	17987597501551258
132			IMAGE	https://scontent.cdninstagram.com/v/t51.29350-15/416586301_935623134789553_331913643979420042_n.jpg?_nc_cat=103&ccb=1-7&_nc_sid=18de74&_nc_eui2=AeG11-RJJVl_ttXGADojZOKo-KN8fXCvOL34o3x9cK84ven1EAcpOPwL8PGj6nGor0BGkwfp-yXTuJb2klk04f25&_nc_ohc=bVN_ZUDnsH0Q7kNvgHG4LUG&_nc_ht=scontent.cdninstagram.com&edm=AM6HXa8EAAAA&oh=00_AYDtuSkEB8Sgdj4DcQEMxMdTwLI_jUi0oYm5ZmzVjB_eYg&oe=6656D161	17987597501551258
133			IMAGE	https://scontent.cdninstagram.com/v/t51.29350-15/416586301_935623134789553_331913643979420042_n.jpg?_nc_cat=103&ccb=1-7&_nc_sid=18de74&_nc_eui2=AeG11-RJJVl_ttXGADojZOKo-KN8fXCvOL34o3x9cK84ven1EAcpOPwL8PGj6nGor0BGkwfp-yXTuJb2klk04f25&_nc_ohc=bVN_ZUDnsH0Q7kNvgHG4LUG&_nc_ht=scontent.cdninstagram.com&edm=AM6HXa8EAAAA&oh=00_AYDtuSkEB8Sgdj4DcQEMxMdTwLI_jUi0oYm5ZmzVjB_eYg&oe=6656D161	17987597501551258
134			IMAGE	https://scontent.cdninstagram.com/v/t51.29350-15/416385870_1455916168322675_4565990271453042729_n.jpg?_nc_cat=106&ccb=1-7&_nc_sid=18de74&_nc_eui2=AeFuqvN_4lYrMsIuIXYVQdlN4pQ6A-RHIJHilDoD5EcgkQup3luRqAVZP0UmPOccQSB8fna1Ft96gr69FofjUL0y&_nc_ohc=TIlGVDe_N7IQ7kNvgELxSeq&_nc_ht=scontent.cdninstagram.com&edm=AM6HXa8EAAAA&oh=00_AYChC2W-ShKTbHvW6DgovZJDDPtbfFKcJH-6GbOT8xaH4A&oe=6656CDAF	18001031543133004
135			IMAGE	https://scontent.cdninstagram.com/v/t51.29350-15/416385870_1455916168322675_4565990271453042729_n.jpg?_nc_cat=106&ccb=1-7&_nc_sid=18de74&_nc_eui2=AeFuqvN_4lYrMsIuIXYVQdlN4pQ6A-RHIJHilDoD5EcgkQup3luRqAVZP0UmPOccQSB8fna1Ft96gr69FofjUL0y&_nc_ohc=TIlGVDe_N7IQ7kNvgELxSeq&_nc_ht=scontent.cdninstagram.com&edm=AM6HXa8EAAAA&oh=00_AYChC2W-ShKTbHvW6DgovZJDDPtbfFKcJH-6GbOT8xaH4A&oe=6656CDAF	18001031543133004
136			IMAGE	https://scontent.cdninstagram.com/v/t51.29350-15/416385870_1455916168322675_4565990271453042729_n.jpg?_nc_cat=106&ccb=1-7&_nc_sid=18de74&_nc_eui2=AeFuqvN_4lYrMsIuIXYVQdlN4pQ6A-RHIJHilDoD5EcgkQup3luRqAVZP0UmPOccQSB8fna1Ft96gr69FofjUL0y&_nc_ohc=TIlGVDe_N7IQ7kNvgELxSeq&_nc_ht=scontent.cdninstagram.com&edm=AM6HXa8EAAAA&oh=00_AYChC2W-ShKTbHvW6DgovZJDDPtbfFKcJH-6GbOT8xaH4A&oe=6656CDAF	18001031543133004
137			IMAGE	https://scontent.cdninstagram.com/v/t51.29350-15/416385870_1455916168322675_4565990271453042729_n.jpg?_nc_cat=106&ccb=1-7&_nc_sid=18de74&_nc_eui2=AeFuqvN_4lYrMsIuIXYVQdlN4pQ6A-RHIJHilDoD5EcgkQup3luRqAVZP0UmPOccQSB8fna1Ft96gr69FofjUL0y&_nc_ohc=TIlGVDe_N7IQ7kNvgELxSeq&_nc_ht=scontent.cdninstagram.com&edm=AM6HXa8EAAAA&oh=00_AYChC2W-ShKTbHvW6DgovZJDDPtbfFKcJH-6GbOT8xaH4A&oe=6656CDAF	18001031543133004
138			IMAGE	https://scontent.cdninstagram.com/v/t51.29350-15/416889003_901049251614119_8702826174772843455_n.jpg?_nc_cat=100&ccb=1-7&_nc_sid=18de74&_nc_eui2=AeGNYS1CNIlcLL-DCeGTw_8_SWsEAnqiPttJawQCeqI-20HiosT2WAO8qGfEC_08xXuEa59NyFTDWrY9FkiUNEJD&_nc_ohc=R8_X0jf_Ct8Q7kNvgFVis_R&_nc_ht=scontent.cdninstagram.com&edm=AM6HXa8EAAAA&oh=00_AYCZEubWqbc6eLMf55NABOH_foP9imr2TidlPRqSNyw4HA&oe=6656DE63	18021915394791156
139			IMAGE	https://scontent.cdninstagram.com/v/t51.29350-15/416889003_901049251614119_8702826174772843455_n.jpg?_nc_cat=100&ccb=1-7&_nc_sid=18de74&_nc_eui2=AeGNYS1CNIlcLL-DCeGTw_8_SWsEAnqiPttJawQCeqI-20HiosT2WAO8qGfEC_08xXuEa59NyFTDWrY9FkiUNEJD&_nc_ohc=R8_X0jf_Ct8Q7kNvgFVis_R&_nc_ht=scontent.cdninstagram.com&edm=AM6HXa8EAAAA&oh=00_AYCZEubWqbc6eLMf55NABOH_foP9imr2TidlPRqSNyw4HA&oe=6656DE63	18021915394791156
140			IMAGE	https://scontent.cdninstagram.com/v/t51.29350-15/416889003_901049251614119_8702826174772843455_n.jpg?_nc_cat=100&ccb=1-7&_nc_sid=18de74&_nc_eui2=AeGNYS1CNIlcLL-DCeGTw_8_SWsEAnqiPttJawQCeqI-20HiosT2WAO8qGfEC_08xXuEa59NyFTDWrY9FkiUNEJD&_nc_ohc=R8_X0jf_Ct8Q7kNvgFVis_R&_nc_ht=scontent.cdninstagram.com&edm=AM6HXa8EAAAA&oh=00_AYCZEubWqbc6eLMf55NABOH_foP9imr2TidlPRqSNyw4HA&oe=6656DE63	18021915394791156
141			IMAGE	https://scontent.cdninstagram.com/v/t51.29350-15/416889003_901049251614119_8702826174772843455_n.jpg?_nc_cat=100&ccb=1-7&_nc_sid=18de74&_nc_eui2=AeGNYS1CNIlcLL-DCeGTw_8_SWsEAnqiPttJawQCeqI-20HiosT2WAO8qGfEC_08xXuEa59NyFTDWrY9FkiUNEJD&_nc_ohc=R8_X0jf_Ct8Q7kNvgFVis_R&_nc_ht=scontent.cdninstagram.com&edm=AM6HXa8EAAAA&oh=00_AYCZEubWqbc6eLMf55NABOH_foP9imr2TidlPRqSNyw4HA&oe=6656DE63	18021915394791156
142			IMAGE	https://scontent.cdninstagram.com/v/t51.29350-15/416553113_328999349963832_4701667936160101981_n.jpg?_nc_cat=104&ccb=1-7&_nc_sid=18de74&_nc_eui2=AeGq6cwTpm-2wC0-IQw50lBmnC6T-szwJwCcLpP6zPAnAGVhk-FmGETCQC1J3KNcVeHwCiY5N1wF2dwEhazVO9wz&_nc_ohc=-pCgLyMT5y0Q7kNvgGdc-Xs&_nc_ht=scontent.cdninstagram.com&edm=AM6HXa8EAAAA&oh=00_AYAGLXZx2t2phOHv93pw4FwDxUNfSzn8RhQ9I62E3MVViw&oe=6656BF9B	18084810811413360
143			IMAGE	https://scontent.cdninstagram.com/v/t51.29350-15/416553113_328999349963832_4701667936160101981_n.jpg?_nc_cat=104&ccb=1-7&_nc_sid=18de74&_nc_eui2=AeGq6cwTpm-2wC0-IQw50lBmnC6T-szwJwCcLpP6zPAnAGVhk-FmGETCQC1J3KNcVeHwCiY5N1wF2dwEhazVO9wz&_nc_ohc=-pCgLyMT5y0Q7kNvgGdc-Xs&_nc_ht=scontent.cdninstagram.com&edm=AM6HXa8EAAAA&oh=00_AYAGLXZx2t2phOHv93pw4FwDxUNfSzn8RhQ9I62E3MVViw&oe=6656BF9B	18084810811413360
144			IMAGE	https://scontent.cdninstagram.com/v/t51.29350-15/416553113_328999349963832_4701667936160101981_n.jpg?_nc_cat=104&ccb=1-7&_nc_sid=18de74&_nc_eui2=AeGq6cwTpm-2wC0-IQw50lBmnC6T-szwJwCcLpP6zPAnAGVhk-FmGETCQC1J3KNcVeHwCiY5N1wF2dwEhazVO9wz&_nc_ohc=-pCgLyMT5y0Q7kNvgGdc-Xs&_nc_ht=scontent.cdninstagram.com&edm=AM6HXa8EAAAA&oh=00_AYAGLXZx2t2phOHv93pw4FwDxUNfSzn8RhQ9I62E3MVViw&oe=6656BF9B	18084810811413360
145			IMAGE	https://scontent.cdninstagram.com/v/t51.29350-15/416553113_328999349963832_4701667936160101981_n.jpg?_nc_cat=104&ccb=1-7&_nc_sid=18de74&_nc_eui2=AeGq6cwTpm-2wC0-IQw50lBmnC6T-szwJwCcLpP6zPAnAGVhk-FmGETCQC1J3KNcVeHwCiY5N1wF2dwEhazVO9wz&_nc_ohc=-pCgLyMT5y0Q7kNvgGdc-Xs&_nc_ht=scontent.cdninstagram.com&edm=AM6HXa8EAAAA&oh=00_AYAGLXZx2t2phOHv93pw4FwDxUNfSzn8RhQ9I62E3MVViw&oe=6656BF9B	18084810811413360
146			IMAGE	https://scontent.cdninstagram.com/v/t51.29350-15/416553113_328999349963832_4701667936160101981_n.jpg?_nc_cat=104&ccb=1-7&_nc_sid=18de74&_nc_eui2=AeGq6cwTpm-2wC0-IQw50lBmnC6T-szwJwCcLpP6zPAnAGVhk-FmGETCQC1J3KNcVeHwCiY5N1wF2dwEhazVO9wz&_nc_ohc=-pCgLyMT5y0Q7kNvgGdc-Xs&_nc_ht=scontent.cdninstagram.com&edm=AM6HXa8EAAAA&oh=00_AYAGLXZx2t2phOHv93pw4FwDxUNfSzn8RhQ9I62E3MVViw&oe=6656BF9B	18084810811413360
147			IMAGE	https://scontent.cdninstagram.com/v/t51.29350-15/416678017_795917442264017_2061472945625543937_n.jpg?_nc_cat=107&ccb=1-7&_nc_sid=18de74&_nc_eui2=AeHUIF4OjNlGjEKuyZ1yIqdJdc-CPUtCG8h1z4I9S0IbyFGF4QQg7EegrhagNq1CR3jIO4P0oodc1v007DP4PTjR&_nc_ohc=GngdIp6frogQ7kNvgGs09Io&_nc_ht=scontent.cdninstagram.com&edm=AM6HXa8EAAAA&oh=00_AYDCaA4G0qYYLfNc-8IRrudWuK06kZKge-e9XJUIJZgHXw&oe=6656B876	18037950373633125
148			IMAGE	https://scontent.cdninstagram.com/v/t51.29350-15/416678017_795917442264017_2061472945625543937_n.jpg?_nc_cat=107&ccb=1-7&_nc_sid=18de74&_nc_eui2=AeHUIF4OjNlGjEKuyZ1yIqdJdc-CPUtCG8h1z4I9S0IbyFGF4QQg7EegrhagNq1CR3jIO4P0oodc1v007DP4PTjR&_nc_ohc=GngdIp6frogQ7kNvgGs09Io&_nc_ht=scontent.cdninstagram.com&edm=AM6HXa8EAAAA&oh=00_AYDCaA4G0qYYLfNc-8IRrudWuK06kZKge-e9XJUIJZgHXw&oe=6656B876	18037950373633125
149			IMAGE	https://scontent.cdninstagram.com/v/t51.29350-15/416678017_795917442264017_2061472945625543937_n.jpg?_nc_cat=107&ccb=1-7&_nc_sid=18de74&_nc_eui2=AeHUIF4OjNlGjEKuyZ1yIqdJdc-CPUtCG8h1z4I9S0IbyFGF4QQg7EegrhagNq1CR3jIO4P0oodc1v007DP4PTjR&_nc_ohc=GngdIp6frogQ7kNvgGs09Io&_nc_ht=scontent.cdninstagram.com&edm=AM6HXa8EAAAA&oh=00_AYDCaA4G0qYYLfNc-8IRrudWuK06kZKge-e9XJUIJZgHXw&oe=6656B876	18037950373633125
150			IMAGE	https://scontent.cdninstagram.com/v/t51.29350-15/416678017_795917442264017_2061472945625543937_n.jpg?_nc_cat=107&ccb=1-7&_nc_sid=18de74&_nc_eui2=AeHUIF4OjNlGjEKuyZ1yIqdJdc-CPUtCG8h1z4I9S0IbyFGF4QQg7EegrhagNq1CR3jIO4P0oodc1v007DP4PTjR&_nc_ohc=GngdIp6frogQ7kNvgGs09Io&_nc_ht=scontent.cdninstagram.com&edm=AM6HXa8EAAAA&oh=00_AYDCaA4G0qYYLfNc-8IRrudWuK06kZKge-e9XJUIJZgHXw&oe=6656B876	18037950373633125
151			IMAGE	https://scontent.cdninstagram.com/v/t51.29350-15/416055563_748823170603899_1532360074949812130_n.jpg?_nc_cat=101&ccb=1-7&_nc_sid=18de74&_nc_eui2=AeHAdOYC7fmJg6MY1pNnETqWnMtqWEHyKS-cy2pYQfIpL2ViFDHNaDskrKUTP9ULbpxG-pCqMteP0xPqbpQk7eJL&_nc_ohc=9Lp0WHFDtQAQ7kNvgFS-nb8&_nc_ht=scontent.cdninstagram.com&edm=AM6HXa8EAAAA&oh=00_AYDabJOss9aX4ii6jTOYvNL8gNKrLl2rAgwWEmZIL2XpjQ&oe=6656D331	17994601736522942
152			IMAGE	https://scontent.cdninstagram.com/v/t51.29350-15/416055563_748823170603899_1532360074949812130_n.jpg?_nc_cat=101&ccb=1-7&_nc_sid=18de74&_nc_eui2=AeHAdOYC7fmJg6MY1pNnETqWnMtqWEHyKS-cy2pYQfIpL2ViFDHNaDskrKUTP9ULbpxG-pCqMteP0xPqbpQk7eJL&_nc_ohc=9Lp0WHFDtQAQ7kNvgFS-nb8&_nc_ht=scontent.cdninstagram.com&edm=AM6HXa8EAAAA&oh=00_AYDabJOss9aX4ii6jTOYvNL8gNKrLl2rAgwWEmZIL2XpjQ&oe=6656D331	17994601736522942
153			IMAGE	https://scontent.cdninstagram.com/v/t51.29350-15/416696160_812391273940401_1739058898883931301_n.jpg?_nc_cat=101&ccb=1-7&_nc_sid=18de74&_nc_eui2=AeFRoMMq_agf5Qbb3vAECYjw6hxS2nUf5grqHFLadR_mCvMLxEvdGpbaqRy-zteWSXMvA0WjpCjhApzD5-0zKIyw&_nc_ohc=ByL1sFCQ8mgQ7kNvgHl6Ne3&_nc_ht=scontent.cdninstagram.com&edm=AM6HXa8EAAAA&oh=00_AYBSRPfYeHYrXwpczcHHoOy8U1UhDfNwrc-rIw-Iolk6qQ&oe=6656C3D3	18406112482051342
154			IMAGE	https://scontent.cdninstagram.com/v/t51.29350-15/416696160_812391273940401_1739058898883931301_n.jpg?_nc_cat=101&ccb=1-7&_nc_sid=18de74&_nc_eui2=AeFRoMMq_agf5Qbb3vAECYjw6hxS2nUf5grqHFLadR_mCvMLxEvdGpbaqRy-zteWSXMvA0WjpCjhApzD5-0zKIyw&_nc_ohc=ByL1sFCQ8mgQ7kNvgHl6Ne3&_nc_ht=scontent.cdninstagram.com&edm=AM6HXa8EAAAA&oh=00_AYBSRPfYeHYrXwpczcHHoOy8U1UhDfNwrc-rIw-Iolk6qQ&oe=6656C3D3	18406112482051342
155			IMAGE	https://scontent.cdninstagram.com/v/t51.29350-15/416184213_1354231078552356_6529153641305401498_n.jpg?_nc_cat=109&ccb=1-7&_nc_sid=18de74&_nc_eui2=AeGkaaPYdqqmgQ8cgCvod5jul-jY6XGQpCeX6NjpcZCkJzRyFBQUd-KJc2U6J7hsTb2-PJ5OryvsgoJ11C-OLbLz&_nc_ohc=Q4ajBo6typsQ7kNvgFRasy5&_nc_ht=scontent.cdninstagram.com&edm=AM6HXa8EAAAA&oh=00_AYAP7KYLzQOfkmfu3uuTF9Jdb6jBKBhEcd-7fdRNHqH7dA&oe=6656C2C8	17952604235722329
156			IMAGE	https://scontent.cdninstagram.com/v/t51.29350-15/416184213_1354231078552356_6529153641305401498_n.jpg?_nc_cat=109&ccb=1-7&_nc_sid=18de74&_nc_eui2=AeGkaaPYdqqmgQ8cgCvod5jul-jY6XGQpCeX6NjpcZCkJzRyFBQUd-KJc2U6J7hsTb2-PJ5OryvsgoJ11C-OLbLz&_nc_ohc=Q4ajBo6typsQ7kNvgFRasy5&_nc_ht=scontent.cdninstagram.com&edm=AM6HXa8EAAAA&oh=00_AYAP7KYLzQOfkmfu3uuTF9Jdb6jBKBhEcd-7fdRNHqH7dA&oe=6656C2C8	17952604235722329
157			IMAGE	https://scontent.cdninstagram.com/v/t51.29350-15/416157344_720321800063819_2365198998495388143_n.jpg?_nc_cat=101&ccb=1-7&_nc_sid=18de74&_nc_eui2=AeE4RZj9fUfKQT8FL8eWayVGKLY828HfWFUotjzbwd9YVSJ7cfkczLc9ys7v1zUuLK9skaLu2kuontULkRcRCbkM&_nc_ohc=DCM3YlrO2HIQ7kNvgHU0U8E&_nc_ht=scontent.cdninstagram.com&edm=AM6HXa8EAAAA&oh=00_AYAekTqZ3HA8zufWHihQNBlIA2y82Ifywetm-EMmm6TE5A&oe=6656C000	18006300059242804
158			IMAGE	https://scontent.cdninstagram.com/v/t51.29350-15/416157344_720321800063819_2365198998495388143_n.jpg?_nc_cat=101&ccb=1-7&_nc_sid=18de74&_nc_eui2=AeE4RZj9fUfKQT8FL8eWayVGKLY828HfWFUotjzbwd9YVSJ7cfkczLc9ys7v1zUuLK9skaLu2kuontULkRcRCbkM&_nc_ohc=DCM3YlrO2HIQ7kNvgHU0U8E&_nc_ht=scontent.cdninstagram.com&edm=AM6HXa8EAAAA&oh=00_AYAekTqZ3HA8zufWHihQNBlIA2y82Ifywetm-EMmm6TE5A&oe=6656C000	18006300059242804
159			IMAGE	https://scontent.cdninstagram.com/v/t51.29350-15/416142698_929420075210950_9064357397900947450_n.jpg?_nc_cat=111&ccb=1-7&_nc_sid=18de74&_nc_eui2=AeFsLncSF7ehfkALftJGcTGzeKDC-Ytv9Zd4oML5i2_1l0bSZRubh8_aNSMwb1u5ma3ADlTVOiopOyS9n02bDSWX&_nc_ohc=ONNovBt4cYAQ7kNvgHvMma3&_nc_ht=scontent.cdninstagram.com&edm=AM6HXa8EAAAA&oh=00_AYCQbj6EB1PyAN417uVmJP8sWyPmCFm3VatABbBNb7eCqg&oe=6656D1A5	17937793001786646
160			IMAGE	https://scontent.cdninstagram.com/v/t51.29350-15/416142698_929420075210950_9064357397900947450_n.jpg?_nc_cat=111&ccb=1-7&_nc_sid=18de74&_nc_eui2=AeFsLncSF7ehfkALftJGcTGzeKDC-Ytv9Zd4oML5i2_1l0bSZRubh8_aNSMwb1u5ma3ADlTVOiopOyS9n02bDSWX&_nc_ohc=ONNovBt4cYAQ7kNvgHvMma3&_nc_ht=scontent.cdninstagram.com&edm=AM6HXa8EAAAA&oh=00_AYCQbj6EB1PyAN417uVmJP8sWyPmCFm3VatABbBNb7eCqg&oe=6656D1A5	17937793001786646
161			IMAGE	https://scontent.cdninstagram.com/v/t51.29350-15/416191193_2506570212837248_8146239569384377523_n.jpg?_nc_cat=103&ccb=1-7&_nc_sid=18de74&_nc_eui2=AeHIC083HbqtwIo7Cq8vZoUIxnnFlvUr2E_GecWW9SvYT1Mj-XHorQo1ViXGLEb2hCSulj64gWloVWblnLCfgcFp&_nc_ohc=kmbFqEMMTKAQ7kNvgGFyVtd&_nc_ht=scontent.cdninstagram.com&edm=AM6HXa8EAAAA&oh=00_AYBtCx7C-jNh33TXvqqGYCFopcBhJjEx2dySiaLvc6dU7g&oe=6656C17D	18043752406551487
162			IMAGE	https://scontent.cdninstagram.com/v/t51.29350-15/416191193_2506570212837248_8146239569384377523_n.jpg?_nc_cat=103&ccb=1-7&_nc_sid=18de74&_nc_eui2=AeHIC083HbqtwIo7Cq8vZoUIxnnFlvUr2E_GecWW9SvYT1Mj-XHorQo1ViXGLEb2hCSulj64gWloVWblnLCfgcFp&_nc_ohc=kmbFqEMMTKAQ7kNvgGFyVtd&_nc_ht=scontent.cdninstagram.com&edm=AM6HXa8EAAAA&oh=00_AYBtCx7C-jNh33TXvqqGYCFopcBhJjEx2dySiaLvc6dU7g&oe=6656C17D	18043752406551487
163			IMAGE	https://scontent.cdninstagram.com/v/t51.29350-15/403979578_672113788372877_5497859887694729080_n.jpg?_nc_cat=105&ccb=1-7&_nc_sid=18de74&_nc_eui2=AeFOUe4q8y0KLonP6Ex2SbwRHj2bx9y0QYIePZvH3LRBgvYS9lP0m8X8LX11OkckpQqhBCfxjQojDzsgjPfTMuz8&_nc_ohc=j_bU6UuaJEwQ7kNvgFbwPfF&_nc_ht=scontent.cdninstagram.com&edm=AM6HXa8EAAAA&oh=00_AYD5VappivGhh9juKeWknWvlID7fn9gDxkONFbc5g69QaQ&oe=6656C931	18001677518229915
164			IMAGE	https://scontent.cdninstagram.com/v/t51.29350-15/403979578_672113788372877_5497859887694729080_n.jpg?_nc_cat=105&ccb=1-7&_nc_sid=18de74&_nc_eui2=AeFOUe4q8y0KLonP6Ex2SbwRHj2bx9y0QYIePZvH3LRBgvYS9lP0m8X8LX11OkckpQqhBCfxjQojDzsgjPfTMuz8&_nc_ohc=j_bU6UuaJEwQ7kNvgFbwPfF&_nc_ht=scontent.cdninstagram.com&edm=AM6HXa8EAAAA&oh=00_AYD5VappivGhh9juKeWknWvlID7fn9gDxkONFbc5g69QaQ&oe=6656C931	18001677518229915
165			IMAGE	https://scontent.cdninstagram.com/v/t51.29350-15/403979578_672113788372877_5497859887694729080_n.jpg?_nc_cat=105&ccb=1-7&_nc_sid=18de74&_nc_eui2=AeFOUe4q8y0KLonP6Ex2SbwRHj2bx9y0QYIePZvH3LRBgvYS9lP0m8X8LX11OkckpQqhBCfxjQojDzsgjPfTMuz8&_nc_ohc=j_bU6UuaJEwQ7kNvgFbwPfF&_nc_ht=scontent.cdninstagram.com&edm=AM6HXa8EAAAA&oh=00_AYD5VappivGhh9juKeWknWvlID7fn9gDxkONFbc5g69QaQ&oe=6656C931	18001677518229915
166			IMAGE	https://scontent.cdninstagram.com/v/t51.29350-15/403979578_672113788372877_5497859887694729080_n.jpg?_nc_cat=105&ccb=1-7&_nc_sid=18de74&_nc_eui2=AeFOUe4q8y0KLonP6Ex2SbwRHj2bx9y0QYIePZvH3LRBgvYS9lP0m8X8LX11OkckpQqhBCfxjQojDzsgjPfTMuz8&_nc_ohc=j_bU6UuaJEwQ7kNvgFbwPfF&_nc_ht=scontent.cdninstagram.com&edm=AM6HXa8EAAAA&oh=00_AYD5VappivGhh9juKeWknWvlID7fn9gDxkONFbc5g69QaQ&oe=6656C931	18001677518229915
167			IMAGE	https://scontent.cdninstagram.com/v/t51.29350-15/404590578_343736181581182_6203481216390180804_n.jpg?_nc_cat=110&ccb=1-7&_nc_sid=18de74&_nc_eui2=AeHB1f5od3o1oCQeOZTvDkOXaYp4xMoGx0VpinjEygbHRfvm7dlHCycNkrK0j2zWcRnGYS7FkT2aYEZxLFOdqyaO&_nc_ohc=8yBJJqF8AE8Q7kNvgHD5zCJ&_nc_ht=scontent.cdninstagram.com&edm=AM6HXa8EAAAA&oh=00_AYAFjeGRAds2DO-g90C56P5uv4ITBA3VISV4WjKdT5cJsQ&oe=6656CA32	18273396418095885
168			IMAGE	https://scontent.cdninstagram.com/v/t51.29350-15/404590578_343736181581182_6203481216390180804_n.jpg?_nc_cat=110&ccb=1-7&_nc_sid=18de74&_nc_eui2=AeHB1f5od3o1oCQeOZTvDkOXaYp4xMoGx0VpinjEygbHRfvm7dlHCycNkrK0j2zWcRnGYS7FkT2aYEZxLFOdqyaO&_nc_ohc=8yBJJqF8AE8Q7kNvgHD5zCJ&_nc_ht=scontent.cdninstagram.com&edm=AM6HXa8EAAAA&oh=00_AYAFjeGRAds2DO-g90C56P5uv4ITBA3VISV4WjKdT5cJsQ&oe=6656CA32	18273396418095885
169			IMAGE	https://scontent.cdninstagram.com/v/t51.29350-15/403969550_677392340847115_6725222453649600052_n.jpg?_nc_cat=106&ccb=1-7&_nc_sid=18de74&_nc_eui2=AeFe3BY3xKpqAiVG0KoC6JgLEbjYupT4zC4RuNi6lPjMLk9hnhIrWhglcFIhW7IcCQJEFGxnTc8pu1LTqzB1VlUH&_nc_ohc=MT3XyhCDMdMQ7kNvgH68ot1&_nc_ht=scontent.cdninstagram.com&edm=AM6HXa8EAAAA&oh=00_AYBzRKUXE-FELKB8wsNtcbezlhOoBOaiSdLTKZZj3osoxQ&oe=6656CE33	18015966769826906
170			IMAGE	https://scontent.cdninstagram.com/v/t51.29350-15/403969550_677392340847115_6725222453649600052_n.jpg?_nc_cat=106&ccb=1-7&_nc_sid=18de74&_nc_eui2=AeFe3BY3xKpqAiVG0KoC6JgLEbjYupT4zC4RuNi6lPjMLk9hnhIrWhglcFIhW7IcCQJEFGxnTc8pu1LTqzB1VlUH&_nc_ohc=MT3XyhCDMdMQ7kNvgH68ot1&_nc_ht=scontent.cdninstagram.com&edm=AM6HXa8EAAAA&oh=00_AYBzRKUXE-FELKB8wsNtcbezlhOoBOaiSdLTKZZj3osoxQ&oe=6656CE33	18015966769826906
171			IMAGE	https://scontent.cdninstagram.com/v/t51.29350-15/404290476_754751643153225_5137020094730032947_n.jpg?_nc_cat=104&ccb=1-7&_nc_sid=18de74&_nc_eui2=AeE3SKQ-cLzuJHov-7JiIJt5NFv8Ps_Wrh80W_w-z9auH11p5gzitG3vooH_5d-6Fb2xI8m5HixkcrLvzFIXLVVl&_nc_ohc=yPfRv9Q4gucQ7kNvgEab6pp&_nc_ht=scontent.cdninstagram.com&edm=AM6HXa8EAAAA&oh=00_AYBQs9FmL3Kq1dTONK13s9-2s5NcY-kLPGdIJYhK_FqUpg&oe=6656A89C	18051220123516556
172			IMAGE	https://scontent.cdninstagram.com/v/t51.29350-15/404290476_754751643153225_5137020094730032947_n.jpg?_nc_cat=104&ccb=1-7&_nc_sid=18de74&_nc_eui2=AeE3SKQ-cLzuJHov-7JiIJt5NFv8Ps_Wrh80W_w-z9auH11p5gzitG3vooH_5d-6Fb2xI8m5HixkcrLvzFIXLVVl&_nc_ohc=yPfRv9Q4gucQ7kNvgEab6pp&_nc_ht=scontent.cdninstagram.com&edm=AM6HXa8EAAAA&oh=00_AYBQs9FmL3Kq1dTONK13s9-2s5NcY-kLPGdIJYhK_FqUpg&oe=6656A89C	18051220123516556
173			IMAGE	https://scontent.cdninstagram.com/v/t51.29350-15/403793338_308439475423823_4149179578546117476_n.jpg?_nc_cat=101&ccb=1-7&_nc_sid=18de74&_nc_eui2=AeEenqpwgIrBGxrJRH9iaOO2OgXatOQBHJM6Bdq05AEck-Kb_9GMLUVXPgPNyHG-YpuedRHVAFLVPhh9zVcsoH9G&_nc_ohc=5DlEY0dWNE4Q7kNvgH7w5i-&_nc_ht=scontent.cdninstagram.com&edm=AM6HXa8EAAAA&oh=00_AYBDHPQGzL0iLjGhRFvAhh8HVuKB1D-nbZYkDr2_PfrN5Q&oe=6656C477	18021515671880942
174			IMAGE	https://scontent.cdninstagram.com/v/t51.29350-15/403793338_308439475423823_4149179578546117476_n.jpg?_nc_cat=101&ccb=1-7&_nc_sid=18de74&_nc_eui2=AeEenqpwgIrBGxrJRH9iaOO2OgXatOQBHJM6Bdq05AEck-Kb_9GMLUVXPgPNyHG-YpuedRHVAFLVPhh9zVcsoH9G&_nc_ohc=5DlEY0dWNE4Q7kNvgH7w5i-&_nc_ht=scontent.cdninstagram.com&edm=AM6HXa8EAAAA&oh=00_AYBDHPQGzL0iLjGhRFvAhh8HVuKB1D-nbZYkDr2_PfrN5Q&oe=6656C477	18021515671880942
175			IMAGE	https://scontent.cdninstagram.com/v/t51.29350-15/404312725_1028538401770126_5382981774278798114_n.jpg?_nc_cat=107&ccb=1-7&_nc_sid=18de74&_nc_eui2=AeEPEleV-C3UVMweQtUPDZ-SFPF5rsAzcSoU8XmuwDNxKoHKyQKgNWq_ztSw9uceZTsRL4ttE99E4wOq8ys70Ewp&_nc_ohc=_PERHrOrteAQ7kNvgFEnwTC&_nc_ht=scontent.cdninstagram.com&edm=AM6HXa8EAAAA&oh=00_AYAUJ3Hb-WKAQqX7hHv1ZZeb200l6caYfCanzS804lUpVw&oe=6656B13E	18104984653323687
176			IMAGE	https://scontent.cdninstagram.com/v/t51.29350-15/404312725_1028538401770126_5382981774278798114_n.jpg?_nc_cat=107&ccb=1-7&_nc_sid=18de74&_nc_eui2=AeEPEleV-C3UVMweQtUPDZ-SFPF5rsAzcSoU8XmuwDNxKoHKyQKgNWq_ztSw9uceZTsRL4ttE99E4wOq8ys70Ewp&_nc_ohc=_PERHrOrteAQ7kNvgFEnwTC&_nc_ht=scontent.cdninstagram.com&edm=AM6HXa8EAAAA&oh=00_AYAUJ3Hb-WKAQqX7hHv1ZZeb200l6caYfCanzS804lUpVw&oe=6656B13E	18104984653323687
177			IMAGE	https://scontent.cdninstagram.com/v/t51.29350-15/403962471_277820424750092_5179999671081942867_n.jpg?_nc_cat=108&ccb=1-7&_nc_sid=18de74&_nc_eui2=AeGU2WrU1YTGwKmhyKPmcgQxgWCDZm_YEzeBYINmb9gTN_3neYqnl-5DOR_aFxqGYsTR8tqq3sfAkizi4LQw6ljA&_nc_ohc=8pH1KH8cZxwQ7kNvgHBBSD6&_nc_ht=scontent.cdninstagram.com&edm=AM6HXa8EAAAA&oh=00_AYBkmftUdOyO7jRBwgWARdOU0ByFciVC_97Q96HSkHIKWw&oe=6656B390	17977096358443817
178			IMAGE	https://scontent.cdninstagram.com/v/t51.29350-15/403962471_277820424750092_5179999671081942867_n.jpg?_nc_cat=108&ccb=1-7&_nc_sid=18de74&_nc_eui2=AeGU2WrU1YTGwKmhyKPmcgQxgWCDZm_YEzeBYINmb9gTN_3neYqnl-5DOR_aFxqGYsTR8tqq3sfAkizi4LQw6ljA&_nc_ohc=8pH1KH8cZxwQ7kNvgHBBSD6&_nc_ht=scontent.cdninstagram.com&edm=AM6HXa8EAAAA&oh=00_AYBkmftUdOyO7jRBwgWARdOU0ByFciVC_97Q96HSkHIKWw&oe=6656B390	17977096358443817
179			IMAGE	https://scontent.cdninstagram.com/v/t51.29350-15/403962471_277820424750092_5179999671081942867_n.jpg?_nc_cat=108&ccb=1-7&_nc_sid=18de74&_nc_eui2=AeGU2WrU1YTGwKmhyKPmcgQxgWCDZm_YEzeBYINmb9gTN_3neYqnl-5DOR_aFxqGYsTR8tqq3sfAkizi4LQw6ljA&_nc_ohc=8pH1KH8cZxwQ7kNvgHBBSD6&_nc_ht=scontent.cdninstagram.com&edm=AM6HXa8EAAAA&oh=00_AYBkmftUdOyO7jRBwgWARdOU0ByFciVC_97Q96HSkHIKWw&oe=6656B390	17977096358443817
180			IMAGE	https://scontent.cdninstagram.com/v/t51.29350-15/403962471_277820424750092_5179999671081942867_n.jpg?_nc_cat=108&ccb=1-7&_nc_sid=18de74&_nc_eui2=AeGU2WrU1YTGwKmhyKPmcgQxgWCDZm_YEzeBYINmb9gTN_3neYqnl-5DOR_aFxqGYsTR8tqq3sfAkizi4LQw6ljA&_nc_ohc=8pH1KH8cZxwQ7kNvgHBBSD6&_nc_ht=scontent.cdninstagram.com&edm=AM6HXa8EAAAA&oh=00_AYBkmftUdOyO7jRBwgWARdOU0ByFciVC_97Q96HSkHIKWw&oe=6656B390	17977096358443817
181			IMAGE	https://scontent.cdninstagram.com/v/t51.29350-15/403962471_277820424750092_5179999671081942867_n.jpg?_nc_cat=108&ccb=1-7&_nc_sid=18de74&_nc_eui2=AeGU2WrU1YTGwKmhyKPmcgQxgWCDZm_YEzeBYINmb9gTN_3neYqnl-5DOR_aFxqGYsTR8tqq3sfAkizi4LQw6ljA&_nc_ohc=8pH1KH8cZxwQ7kNvgHBBSD6&_nc_ht=scontent.cdninstagram.com&edm=AM6HXa8EAAAA&oh=00_AYBkmftUdOyO7jRBwgWARdOU0ByFciVC_97Q96HSkHIKWw&oe=6656B390	17977096358443817
182			IMAGE	https://scontent.cdninstagram.com/v/t51.29350-15/403962471_277820424750092_5179999671081942867_n.jpg?_nc_cat=108&ccb=1-7&_nc_sid=18de74&_nc_eui2=AeGU2WrU1YTGwKmhyKPmcgQxgWCDZm_YEzeBYINmb9gTN_3neYqnl-5DOR_aFxqGYsTR8tqq3sfAkizi4LQw6ljA&_nc_ohc=8pH1KH8cZxwQ7kNvgHBBSD6&_nc_ht=scontent.cdninstagram.com&edm=AM6HXa8EAAAA&oh=00_AYBkmftUdOyO7jRBwgWARdOU0ByFciVC_97Q96HSkHIKWw&oe=6656B390	17977096358443817
183			IMAGE	https://scontent.cdninstagram.com/v/t51.29350-15/404295507_2492064954308565_8943272057889980463_n.jpg?_nc_cat=108&ccb=1-7&_nc_sid=18de74&_nc_eui2=AeFnor97WQXc9B485C9Su_w5lqZ6EW3M5wCWpnoRbcznAFXNkJXn9lHq6KolHDAeZfs_9I5f-Bu0LYAV0cpw_pa1&_nc_ohc=QyWn1CvjipAQ7kNvgH1DbZV&_nc_ht=scontent.cdninstagram.com&edm=AM6HXa8EAAAA&oh=00_AYBl_6jx1CurIzlJnFHeb5_I0_tE1ZhgxhCh_oX2W4JukQ&oe=6656A7FD	18041292700573765
184			IMAGE	https://scontent.cdninstagram.com/v/t51.29350-15/404295507_2492064954308565_8943272057889980463_n.jpg?_nc_cat=108&ccb=1-7&_nc_sid=18de74&_nc_eui2=AeFnor97WQXc9B485C9Su_w5lqZ6EW3M5wCWpnoRbcznAFXNkJXn9lHq6KolHDAeZfs_9I5f-Bu0LYAV0cpw_pa1&_nc_ohc=QyWn1CvjipAQ7kNvgH1DbZV&_nc_ht=scontent.cdninstagram.com&edm=AM6HXa8EAAAA&oh=00_AYBl_6jx1CurIzlJnFHeb5_I0_tE1ZhgxhCh_oX2W4JukQ&oe=6656A7FD	18041292700573765
185			IMAGE	https://scontent.cdninstagram.com/v/t51.29350-15/404295507_2492064954308565_8943272057889980463_n.jpg?_nc_cat=108&ccb=1-7&_nc_sid=18de74&_nc_eui2=AeFnor97WQXc9B485C9Su_w5lqZ6EW3M5wCWpnoRbcznAFXNkJXn9lHq6KolHDAeZfs_9I5f-Bu0LYAV0cpw_pa1&_nc_ohc=QyWn1CvjipAQ7kNvgH1DbZV&_nc_ht=scontent.cdninstagram.com&edm=AM6HXa8EAAAA&oh=00_AYBl_6jx1CurIzlJnFHeb5_I0_tE1ZhgxhCh_oX2W4JukQ&oe=6656A7FD	18041292700573765
186			IMAGE	https://scontent.cdninstagram.com/v/t51.29350-15/404295507_2492064954308565_8943272057889980463_n.jpg?_nc_cat=108&ccb=1-7&_nc_sid=18de74&_nc_eui2=AeFnor97WQXc9B485C9Su_w5lqZ6EW3M5wCWpnoRbcznAFXNkJXn9lHq6KolHDAeZfs_9I5f-Bu0LYAV0cpw_pa1&_nc_ohc=QyWn1CvjipAQ7kNvgH1DbZV&_nc_ht=scontent.cdninstagram.com&edm=AM6HXa8EAAAA&oh=00_AYBl_6jx1CurIzlJnFHeb5_I0_tE1ZhgxhCh_oX2W4JukQ&oe=6656A7FD	18041292700573765
187			IMAGE	https://scontent.cdninstagram.com/v/t51.29350-15/403903679_632344995531239_3687115113976560274_n.jpg?_nc_cat=110&ccb=1-7&_nc_sid=18de74&_nc_eui2=AeHUSz0Xe3u9VTmX26ddPVMLi98qaDaCp0aL3ypoNoKnRonRoYWWc4lqeCq3E8UWx_pP3fGVwjoIIQr3opiP9QvM&_nc_ohc=w7BXqQrgNboQ7kNvgHb6vCD&_nc_ht=scontent.cdninstagram.com&edm=AM6HXa8EAAAA&oh=00_AYCzsDOMvsw7xuMbezWHjkMkF_FKnuCeikm3-WbIZnLjxw&oe=6656C2BA	18017412025802445
188			IMAGE	https://scontent.cdninstagram.com/v/t51.29350-15/403903679_632344995531239_3687115113976560274_n.jpg?_nc_cat=110&ccb=1-7&_nc_sid=18de74&_nc_eui2=AeHUSz0Xe3u9VTmX26ddPVMLi98qaDaCp0aL3ypoNoKnRonRoYWWc4lqeCq3E8UWx_pP3fGVwjoIIQr3opiP9QvM&_nc_ohc=w7BXqQrgNboQ7kNvgHb6vCD&_nc_ht=scontent.cdninstagram.com&edm=AM6HXa8EAAAA&oh=00_AYCzsDOMvsw7xuMbezWHjkMkF_FKnuCeikm3-WbIZnLjxw&oe=6656C2BA	18017412025802445
189			IMAGE	https://scontent.cdninstagram.com/v/t51.29350-15/403917934_1235661341169812_807314021823727153_n.jpg?_nc_cat=101&ccb=1-7&_nc_sid=18de74&_nc_eui2=AeHca20OLypbpCvRxdZkNVMTqylj0jP8U1GrKWPSM_xTUZYcwshklo0Kq8byx7r9cgk8AVPrVnF1Q3LWDPaWjJ0f&_nc_ohc=GRTcYhY2wr8Q7kNvgEkCa84&_nc_ht=scontent.cdninstagram.com&edm=AM6HXa8EAAAA&oh=00_AYByEtMC4hovku1WOip__4DKfJc-qBeyRkG7fdvJH-QBdQ&oe=6656CE35	18016753810912885
190			IMAGE	https://scontent.cdninstagram.com/v/t51.29350-15/403917934_1235661341169812_807314021823727153_n.jpg?_nc_cat=101&ccb=1-7&_nc_sid=18de74&_nc_eui2=AeHca20OLypbpCvRxdZkNVMTqylj0jP8U1GrKWPSM_xTUZYcwshklo0Kq8byx7r9cgk8AVPrVnF1Q3LWDPaWjJ0f&_nc_ohc=GRTcYhY2wr8Q7kNvgEkCa84&_nc_ht=scontent.cdninstagram.com&edm=AM6HXa8EAAAA&oh=00_AYByEtMC4hovku1WOip__4DKfJc-qBeyRkG7fdvJH-QBdQ&oe=6656CE35	18016753810912885
191			IMAGE	https://scontent.cdninstagram.com/v/t51.29350-15/404073896_2037779526587709_4626115050336406569_n.jpg?_nc_cat=105&ccb=1-7&_nc_sid=18de74&_nc_eui2=AeEyYOlZP2UdJvtt6WffoTMaUoavAXqeiMZShq8Bep6Ixqc2TVliMR306ooIDGom4cTBdFwQzM14DEIvavzQeKLT&_nc_ohc=13pkq-AaQQoQ7kNvgEgD6d8&_nc_ht=scontent.cdninstagram.com&edm=AM6HXa8EAAAA&oh=00_AYDgJPnps2KuxFQX6qDIU4HPP0mV2DLg-6IBnkaC8jdTqQ&oe=6656B3B2	18021887038873328
192			IMAGE	https://scontent.cdninstagram.com/v/t51.29350-15/404073896_2037779526587709_4626115050336406569_n.jpg?_nc_cat=105&ccb=1-7&_nc_sid=18de74&_nc_eui2=AeEyYOlZP2UdJvtt6WffoTMaUoavAXqeiMZShq8Bep6Ixqc2TVliMR306ooIDGom4cTBdFwQzM14DEIvavzQeKLT&_nc_ohc=13pkq-AaQQoQ7kNvgEgD6d8&_nc_ht=scontent.cdninstagram.com&edm=AM6HXa8EAAAA&oh=00_AYDgJPnps2KuxFQX6qDIU4HPP0mV2DLg-6IBnkaC8jdTqQ&oe=6656B3B2	18021887038873328
193			IMAGE	https://scontent.cdninstagram.com/v/t51.29350-15/404073896_2037779526587709_4626115050336406569_n.jpg?_nc_cat=105&ccb=1-7&_nc_sid=18de74&_nc_eui2=AeEyYOlZP2UdJvtt6WffoTMaUoavAXqeiMZShq8Bep6Ixqc2TVliMR306ooIDGom4cTBdFwQzM14DEIvavzQeKLT&_nc_ohc=13pkq-AaQQoQ7kNvgEgD6d8&_nc_ht=scontent.cdninstagram.com&edm=AM6HXa8EAAAA&oh=00_AYDgJPnps2KuxFQX6qDIU4HPP0mV2DLg-6IBnkaC8jdTqQ&oe=6656B3B2	18021887038873328
194			IMAGE	https://scontent.cdninstagram.com/v/t51.29350-15/403981150_642246761422502_7899063466887475858_n.jpg?_nc_cat=108&ccb=1-7&_nc_sid=18de74&_nc_eui2=AeFBJCaVVn3EkE_AgCbs7MgLThfuPfHlL7NOF-498eUvs2NrfbKqYJ2f-L0wdtlOMT6Rd2wF3x9XZ5bDQQKzYHFm&_nc_ohc=ENcAdtAips0Q7kNvgGaMRGm&_nc_ht=scontent.cdninstagram.com&edm=AM6HXa8EAAAA&oh=00_AYA5NidowSridEY22t0JRo85_O4bvbjCx3HVKHhjmLLxIg&oe=6656C193	18002752415013579
195			IMAGE	https://scontent.cdninstagram.com/v/t51.29350-15/403981150_642246761422502_7899063466887475858_n.jpg?_nc_cat=108&ccb=1-7&_nc_sid=18de74&_nc_eui2=AeFBJCaVVn3EkE_AgCbs7MgLThfuPfHlL7NOF-498eUvs2NrfbKqYJ2f-L0wdtlOMT6Rd2wF3x9XZ5bDQQKzYHFm&_nc_ohc=ENcAdtAips0Q7kNvgGaMRGm&_nc_ht=scontent.cdninstagram.com&edm=AM6HXa8EAAAA&oh=00_AYA5NidowSridEY22t0JRo85_O4bvbjCx3HVKHhjmLLxIg&oe=6656C193	18002752415013579
196			IMAGE	https://scontent.cdninstagram.com/v/t51.29350-15/403989662_365351795879123_3293841062301213551_n.jpg?_nc_cat=104&ccb=1-7&_nc_sid=18de74&_nc_eui2=AeHe-oiTgQpwR-I7xkEulqYN8PRuCMxbzBvw9G4IzFvMG2ykCs1RbojjGVHQM766s1FMsD9VdoZmzSVCNrW7jLuk&_nc_ohc=xuyLsrqzS9wQ7kNvgHrEVkL&_nc_ht=scontent.cdninstagram.com&edm=AM6HXa8EAAAA&oh=00_AYBDeIxBEaocq4FZ3BKaMdGcj6_hG0tf5v4sE-lUCUv1NQ&oe=6656D60F	18399416533007756
197			IMAGE	https://scontent.cdninstagram.com/v/t51.29350-15/403989662_365351795879123_3293841062301213551_n.jpg?_nc_cat=104&ccb=1-7&_nc_sid=18de74&_nc_eui2=AeHe-oiTgQpwR-I7xkEulqYN8PRuCMxbzBvw9G4IzFvMG2ykCs1RbojjGVHQM766s1FMsD9VdoZmzSVCNrW7jLuk&_nc_ohc=xuyLsrqzS9wQ7kNvgHrEVkL&_nc_ht=scontent.cdninstagram.com&edm=AM6HXa8EAAAA&oh=00_AYBDeIxBEaocq4FZ3BKaMdGcj6_hG0tf5v4sE-lUCUv1NQ&oe=6656D60F	18399416533007756
198			IMAGE	https://scontent.cdninstagram.com/v/t51.29350-15/402245881_234972876084122_9188404197425094897_n.jpg?_nc_cat=102&ccb=1-7&_nc_sid=18de74&_nc_eui2=AeEjGkvsJV1boE0jB41MmuQlgc2PA7vM4j6BzY8Du8ziPq-KGGWuJvXZwcHAOqXBor09LqK8H8bvw0zDIUj-jANr&_nc_ohc=1g1HMIKuWvwQ7kNvgHCMeq8&_nc_ht=scontent.cdninstagram.com&edm=AM6HXa8EAAAA&oh=00_AYDieuTpsOZilZrfySMRa2IXcgyYcI7sbKK-FEoVmQ6OCg&oe=6656D279	18065819008450768
199			IMAGE	https://scontent.cdninstagram.com/v/t51.29350-15/402245881_234972876084122_9188404197425094897_n.jpg?_nc_cat=102&ccb=1-7&_nc_sid=18de74&_nc_eui2=AeEjGkvsJV1boE0jB41MmuQlgc2PA7vM4j6BzY8Du8ziPq-KGGWuJvXZwcHAOqXBor09LqK8H8bvw0zDIUj-jANr&_nc_ohc=1g1HMIKuWvwQ7kNvgHCMeq8&_nc_ht=scontent.cdninstagram.com&edm=AM6HXa8EAAAA&oh=00_AYDieuTpsOZilZrfySMRa2IXcgyYcI7sbKK-FEoVmQ6OCg&oe=6656D279	18065819008450768
200			IMAGE	https://scontent.cdninstagram.com/v/t51.29350-15/402245881_234972876084122_9188404197425094897_n.jpg?_nc_cat=102&ccb=1-7&_nc_sid=18de74&_nc_eui2=AeEjGkvsJV1boE0jB41MmuQlgc2PA7vM4j6BzY8Du8ziPq-KGGWuJvXZwcHAOqXBor09LqK8H8bvw0zDIUj-jANr&_nc_ohc=1g1HMIKuWvwQ7kNvgHCMeq8&_nc_ht=scontent.cdninstagram.com&edm=AM6HXa8EAAAA&oh=00_AYDieuTpsOZilZrfySMRa2IXcgyYcI7sbKK-FEoVmQ6OCg&oe=6656D279	18065819008450768
201			IMAGE	https://scontent.cdninstagram.com/v/t51.29350-15/402245881_234972876084122_9188404197425094897_n.jpg?_nc_cat=102&ccb=1-7&_nc_sid=18de74&_nc_eui2=AeEjGkvsJV1boE0jB41MmuQlgc2PA7vM4j6BzY8Du8ziPq-KGGWuJvXZwcHAOqXBor09LqK8H8bvw0zDIUj-jANr&_nc_ohc=1g1HMIKuWvwQ7kNvgHCMeq8&_nc_ht=scontent.cdninstagram.com&edm=AM6HXa8EAAAA&oh=00_AYDieuTpsOZilZrfySMRa2IXcgyYcI7sbKK-FEoVmQ6OCg&oe=6656D279	18065819008450768
202			IMAGE	https://scontent.cdninstagram.com/v/t51.29350-15/402231461_1406259263344876_3216299210191592054_n.jpg?_nc_cat=106&ccb=1-7&_nc_sid=18de74&_nc_eui2=AeF7RY-UaLFLe-Ymx2S97e5mm4oiKvrdB4KbiiIq-t0HgtiUhZzhWc1fIWcBjPD_sbZ0ETljnQJqxIx4sposi6Gh&_nc_ohc=Qtuj8zYs9ncQ7kNvgH6dK_1&_nc_ht=scontent.cdninstagram.com&edm=AM6HXa8EAAAA&oh=00_AYBAxkUK_sqE_xu0yKJqnP2xX7SMAVjy8EPiUp3Ta7JKig&oe=6656B29C	18097057936337583
203			IMAGE	https://scontent.cdninstagram.com/v/t51.29350-15/402231461_1406259263344876_3216299210191592054_n.jpg?_nc_cat=106&ccb=1-7&_nc_sid=18de74&_nc_eui2=AeF7RY-UaLFLe-Ymx2S97e5mm4oiKvrdB4KbiiIq-t0HgtiUhZzhWc1fIWcBjPD_sbZ0ETljnQJqxIx4sposi6Gh&_nc_ohc=Qtuj8zYs9ncQ7kNvgH6dK_1&_nc_ht=scontent.cdninstagram.com&edm=AM6HXa8EAAAA&oh=00_AYBAxkUK_sqE_xu0yKJqnP2xX7SMAVjy8EPiUp3Ta7JKig&oe=6656B29C	18097057936337583
204			IMAGE	https://scontent.cdninstagram.com/v/t51.29350-15/402231461_1406259263344876_3216299210191592054_n.jpg?_nc_cat=106&ccb=1-7&_nc_sid=18de74&_nc_eui2=AeF7RY-UaLFLe-Ymx2S97e5mm4oiKvrdB4KbiiIq-t0HgtiUhZzhWc1fIWcBjPD_sbZ0ETljnQJqxIx4sposi6Gh&_nc_ohc=Qtuj8zYs9ncQ7kNvgH6dK_1&_nc_ht=scontent.cdninstagram.com&edm=AM6HXa8EAAAA&oh=00_AYBAxkUK_sqE_xu0yKJqnP2xX7SMAVjy8EPiUp3Ta7JKig&oe=6656B29C	18097057936337583
205			IMAGE	https://scontent.cdninstagram.com/v/t51.29350-15/402231461_1406259263344876_3216299210191592054_n.jpg?_nc_cat=106&ccb=1-7&_nc_sid=18de74&_nc_eui2=AeF7RY-UaLFLe-Ymx2S97e5mm4oiKvrdB4KbiiIq-t0HgtiUhZzhWc1fIWcBjPD_sbZ0ETljnQJqxIx4sposi6Gh&_nc_ohc=Qtuj8zYs9ncQ7kNvgH6dK_1&_nc_ht=scontent.cdninstagram.com&edm=AM6HXa8EAAAA&oh=00_AYBAxkUK_sqE_xu0yKJqnP2xX7SMAVjy8EPiUp3Ta7JKig&oe=6656B29C	18097057936337583
206			IMAGE	https://scontent.cdninstagram.com/v/t51.29350-15/401903854_6984232234972445_3677659494035773209_n.jpg?_nc_cat=109&ccb=1-7&_nc_sid=18de74&_nc_eui2=AeGvV-xQP2Ue-HiSZl2NaC7rHix0XGSFVpIeLHRcZIVWkq95Dfjr2PCeVupwjypAmGeCbgYO9osid5Tc1mjWraw_&_nc_ohc=MlxJhp0DuGwQ7kNvgEA2KAe&_nc_ht=scontent.cdninstagram.com&edm=AM6HXa8EAAAA&oh=00_AYCLRQ3odUZayueVidteG0n7CoU0kQuzP3cgisdBM5dmsw&oe=6656B6D1	17854421172070935
207			IMAGE	https://scontent.cdninstagram.com/v/t51.29350-15/401903854_6984232234972445_3677659494035773209_n.jpg?_nc_cat=109&ccb=1-7&_nc_sid=18de74&_nc_eui2=AeGvV-xQP2Ue-HiSZl2NaC7rHix0XGSFVpIeLHRcZIVWkq95Dfjr2PCeVupwjypAmGeCbgYO9osid5Tc1mjWraw_&_nc_ohc=MlxJhp0DuGwQ7kNvgEA2KAe&_nc_ht=scontent.cdninstagram.com&edm=AM6HXa8EAAAA&oh=00_AYCLRQ3odUZayueVidteG0n7CoU0kQuzP3cgisdBM5dmsw&oe=6656B6D1	17854421172070935
208			IMAGE	https://scontent.cdninstagram.com/v/t51.29350-15/401903854_6984232234972445_3677659494035773209_n.jpg?_nc_cat=109&ccb=1-7&_nc_sid=18de74&_nc_eui2=AeGvV-xQP2Ue-HiSZl2NaC7rHix0XGSFVpIeLHRcZIVWkq95Dfjr2PCeVupwjypAmGeCbgYO9osid5Tc1mjWraw_&_nc_ohc=MlxJhp0DuGwQ7kNvgEA2KAe&_nc_ht=scontent.cdninstagram.com&edm=AM6HXa8EAAAA&oh=00_AYCLRQ3odUZayueVidteG0n7CoU0kQuzP3cgisdBM5dmsw&oe=6656B6D1	17854421172070935
209			IMAGE	https://scontent.cdninstagram.com/v/t51.29350-15/401903854_6984232234972445_3677659494035773209_n.jpg?_nc_cat=109&ccb=1-7&_nc_sid=18de74&_nc_eui2=AeGvV-xQP2Ue-HiSZl2NaC7rHix0XGSFVpIeLHRcZIVWkq95Dfjr2PCeVupwjypAmGeCbgYO9osid5Tc1mjWraw_&_nc_ohc=MlxJhp0DuGwQ7kNvgEA2KAe&_nc_ht=scontent.cdninstagram.com&edm=AM6HXa8EAAAA&oh=00_AYCLRQ3odUZayueVidteG0n7CoU0kQuzP3cgisdBM5dmsw&oe=6656B6D1	17854421172070935
210			IMAGE	https://scontent.cdninstagram.com/v/t51.29350-15/401182783_344648061583713_5514847630200251574_n.jpg?_nc_cat=106&ccb=1-7&_nc_sid=18de74&_nc_eui2=AeF0If6enZewQP3NfggK48gfJ4dY4U46nrknh1jhTjqeuQLGxUbwqEGcyrn-qipTDW7rPH1qB_IpPSy5GyyLe70u&_nc_ohc=Q2ThZwkrSfoQ7kNvgGF2qp_&_nc_ht=scontent.cdninstagram.com&edm=AM6HXa8EAAAA&oh=00_AYD3rgvGLrF8ZVrDC8KakGqy__7TkMQziVgLpY9fcqPbfw&oe=6656C861	18107345995344873
211			IMAGE	https://scontent.cdninstagram.com/v/t51.29350-15/401182783_344648061583713_5514847630200251574_n.jpg?_nc_cat=106&ccb=1-7&_nc_sid=18de74&_nc_eui2=AeF0If6enZewQP3NfggK48gfJ4dY4U46nrknh1jhTjqeuQLGxUbwqEGcyrn-qipTDW7rPH1qB_IpPSy5GyyLe70u&_nc_ohc=Q2ThZwkrSfoQ7kNvgGF2qp_&_nc_ht=scontent.cdninstagram.com&edm=AM6HXa8EAAAA&oh=00_AYD3rgvGLrF8ZVrDC8KakGqy__7TkMQziVgLpY9fcqPbfw&oe=6656C861	18107345995344873
212			IMAGE	https://scontent.cdninstagram.com/v/t51.29350-15/401182783_344648061583713_5514847630200251574_n.jpg?_nc_cat=106&ccb=1-7&_nc_sid=18de74&_nc_eui2=AeF0If6enZewQP3NfggK48gfJ4dY4U46nrknh1jhTjqeuQLGxUbwqEGcyrn-qipTDW7rPH1qB_IpPSy5GyyLe70u&_nc_ohc=Q2ThZwkrSfoQ7kNvgGF2qp_&_nc_ht=scontent.cdninstagram.com&edm=AM6HXa8EAAAA&oh=00_AYD3rgvGLrF8ZVrDC8KakGqy__7TkMQziVgLpY9fcqPbfw&oe=6656C861	18107345995344873
213			IMAGE	https://scontent.cdninstagram.com/v/t51.29350-15/401182783_344648061583713_5514847630200251574_n.jpg?_nc_cat=106&ccb=1-7&_nc_sid=18de74&_nc_eui2=AeF0If6enZewQP3NfggK48gfJ4dY4U46nrknh1jhTjqeuQLGxUbwqEGcyrn-qipTDW7rPH1qB_IpPSy5GyyLe70u&_nc_ohc=Q2ThZwkrSfoQ7kNvgGF2qp_&_nc_ht=scontent.cdninstagram.com&edm=AM6HXa8EAAAA&oh=00_AYD3rgvGLrF8ZVrDC8KakGqy__7TkMQziVgLpY9fcqPbfw&oe=6656C861	18107345995344873
214			IMAGE	https://scontent.cdninstagram.com/v/t51.29350-15/401575569_352957890472356_936850317760291986_n.jpg?_nc_cat=111&ccb=1-7&_nc_sid=18de74&_nc_eui2=AeGSWSveqx4CXGm0Xh2EGLBrZ0Cg9bjx6LFnQKD1uPHosYRUm448xC4hXUWluOB_XE4vQMQyvz_A4O1ff1Aq13Gn&_nc_ohc=kS8yDiP5ilYQ7kNvgH6oS2j&_nc_ht=scontent.cdninstagram.com&edm=AM6HXa8EAAAA&oh=00_AYAs8t6M7-9fEeXvuMlQAGNeQyLgLAtNKWvhksNWZ4o40A&oe=6656C5E6	18397871368063583
215			IMAGE	https://scontent.cdninstagram.com/v/t51.29350-15/401575569_352957890472356_936850317760291986_n.jpg?_nc_cat=111&ccb=1-7&_nc_sid=18de74&_nc_eui2=AeGSWSveqx4CXGm0Xh2EGLBrZ0Cg9bjx6LFnQKD1uPHosYRUm448xC4hXUWluOB_XE4vQMQyvz_A4O1ff1Aq13Gn&_nc_ohc=kS8yDiP5ilYQ7kNvgH6oS2j&_nc_ht=scontent.cdninstagram.com&edm=AM6HXa8EAAAA&oh=00_AYAs8t6M7-9fEeXvuMlQAGNeQyLgLAtNKWvhksNWZ4o40A&oe=6656C5E6	18397871368063583
216			IMAGE	https://scontent.cdninstagram.com/v/t51.29350-15/401575569_352957890472356_936850317760291986_n.jpg?_nc_cat=111&ccb=1-7&_nc_sid=18de74&_nc_eui2=AeGSWSveqx4CXGm0Xh2EGLBrZ0Cg9bjx6LFnQKD1uPHosYRUm448xC4hXUWluOB_XE4vQMQyvz_A4O1ff1Aq13Gn&_nc_ohc=kS8yDiP5ilYQ7kNvgH6oS2j&_nc_ht=scontent.cdninstagram.com&edm=AM6HXa8EAAAA&oh=00_AYAs8t6M7-9fEeXvuMlQAGNeQyLgLAtNKWvhksNWZ4o40A&oe=6656C5E6	18397871368063583
217			IMAGE	https://scontent.cdninstagram.com/v/t51.29350-15/402048660_357444393407952_8514716461450952014_n.jpg?_nc_cat=110&ccb=1-7&_nc_sid=18de74&_nc_eui2=AeEZIkk8LkDA-2vY0sT793LpkmaIHHq8EHqSZogcerwQevnARcuJF41QcHSxFHHmLtrOU5sasbPhZXDd4XBpyhvw&_nc_ohc=WgCPQMXvzQ4Q7kNvgFXJlWT&_nc_ht=scontent.cdninstagram.com&edm=AM6HXa8EAAAA&oh=00_AYB4BcatqnGyHzN91vehRl4kJJVKoXcfi32A38JWvlfN0w&oe=6656B279	18028706809665504
218			IMAGE	https://scontent.cdninstagram.com/v/t51.29350-15/402048660_357444393407952_8514716461450952014_n.jpg?_nc_cat=110&ccb=1-7&_nc_sid=18de74&_nc_eui2=AeEZIkk8LkDA-2vY0sT793LpkmaIHHq8EHqSZogcerwQevnARcuJF41QcHSxFHHmLtrOU5sasbPhZXDd4XBpyhvw&_nc_ohc=WgCPQMXvzQ4Q7kNvgFXJlWT&_nc_ht=scontent.cdninstagram.com&edm=AM6HXa8EAAAA&oh=00_AYB4BcatqnGyHzN91vehRl4kJJVKoXcfi32A38JWvlfN0w&oe=6656B279	18028706809665504
219			IMAGE	https://scontent.cdninstagram.com/v/t51.29350-15/402048660_357444393407952_8514716461450952014_n.jpg?_nc_cat=110&ccb=1-7&_nc_sid=18de74&_nc_eui2=AeEZIkk8LkDA-2vY0sT793LpkmaIHHq8EHqSZogcerwQevnARcuJF41QcHSxFHHmLtrOU5sasbPhZXDd4XBpyhvw&_nc_ohc=WgCPQMXvzQ4Q7kNvgFXJlWT&_nc_ht=scontent.cdninstagram.com&edm=AM6HXa8EAAAA&oh=00_AYB4BcatqnGyHzN91vehRl4kJJVKoXcfi32A38JWvlfN0w&oe=6656B279	18028706809665504
220			IMAGE	https://scontent.cdninstagram.com/v/t51.29350-15/402048660_357444393407952_8514716461450952014_n.jpg?_nc_cat=110&ccb=1-7&_nc_sid=18de74&_nc_eui2=AeEZIkk8LkDA-2vY0sT793LpkmaIHHq8EHqSZogcerwQevnARcuJF41QcHSxFHHmLtrOU5sasbPhZXDd4XBpyhvw&_nc_ohc=WgCPQMXvzQ4Q7kNvgFXJlWT&_nc_ht=scontent.cdninstagram.com&edm=AM6HXa8EAAAA&oh=00_AYB4BcatqnGyHzN91vehRl4kJJVKoXcfi32A38JWvlfN0w&oe=6656B279	18028706809665504
221			IMAGE	https://scontent.cdninstagram.com/v/t51.29350-15/402048660_357444393407952_8514716461450952014_n.jpg?_nc_cat=110&ccb=1-7&_nc_sid=18de74&_nc_eui2=AeEZIkk8LkDA-2vY0sT793LpkmaIHHq8EHqSZogcerwQevnARcuJF41QcHSxFHHmLtrOU5sasbPhZXDd4XBpyhvw&_nc_ohc=WgCPQMXvzQ4Q7kNvgFXJlWT&_nc_ht=scontent.cdninstagram.com&edm=AM6HXa8EAAAA&oh=00_AYB4BcatqnGyHzN91vehRl4kJJVKoXcfi32A38JWvlfN0w&oe=6656B279	18028706809665504
222			IMAGE	https://scontent.cdninstagram.com/v/t51.29350-15/402048660_357444393407952_8514716461450952014_n.jpg?_nc_cat=110&ccb=1-7&_nc_sid=18de74&_nc_eui2=AeEZIkk8LkDA-2vY0sT793LpkmaIHHq8EHqSZogcerwQevnARcuJF41QcHSxFHHmLtrOU5sasbPhZXDd4XBpyhvw&_nc_ohc=WgCPQMXvzQ4Q7kNvgFXJlWT&_nc_ht=scontent.cdninstagram.com&edm=AM6HXa8EAAAA&oh=00_AYB4BcatqnGyHzN91vehRl4kJJVKoXcfi32A38JWvlfN0w&oe=6656B279	18028706809665504
223			IMAGE	https://scontent.cdninstagram.com/v/t51.29350-15/401486259_1448594372355657_8594555943937832881_n.jpg?_nc_cat=101&ccb=1-7&_nc_sid=18de74&_nc_eui2=AeHc4ZECmUGKDBO3MAdqJ0FPRA-9osqNdkFED72iyo12QQ7oltRcq6y36wEqIf1mi78zuIVEeBA9Pps1h79_Ze6f&_nc_ohc=6CQxeLD6BdUQ7kNvgFF14xx&_nc_ht=scontent.cdninstagram.com&edm=AM6HXa8EAAAA&oh=00_AYApFcLJRuilHHVnO7AmEpnu-RlTyD9woRS0lnF8zkQEVg&oe=6656A8F4	18012411455001165
224			IMAGE	https://scontent.cdninstagram.com/v/t51.29350-15/401486259_1448594372355657_8594555943937832881_n.jpg?_nc_cat=101&ccb=1-7&_nc_sid=18de74&_nc_eui2=AeHc4ZECmUGKDBO3MAdqJ0FPRA-9osqNdkFED72iyo12QQ7oltRcq6y36wEqIf1mi78zuIVEeBA9Pps1h79_Ze6f&_nc_ohc=6CQxeLD6BdUQ7kNvgFF14xx&_nc_ht=scontent.cdninstagram.com&edm=AM6HXa8EAAAA&oh=00_AYApFcLJRuilHHVnO7AmEpnu-RlTyD9woRS0lnF8zkQEVg&oe=6656A8F4	18012411455001165
225			IMAGE	https://scontent.cdninstagram.com/v/t51.29350-15/401657557_895474658852748_4266282841299801076_n.jpg?_nc_cat=107&ccb=1-7&_nc_sid=18de74&_nc_eui2=AeF4WH17Bb4kv_bKpqo5uSgclSO9ZwjNLhiVI71nCM0uGN6uIgtmiKd2jwaxzGZYTuXqa98A-_eFMXW1YbRYq0q4&_nc_ohc=MFPY0ZAboSoQ7kNvgEB8cFj&_nc_ht=scontent.cdninstagram.com&edm=AM6HXa8EAAAA&oh=00_AYCbuV97tRoLDE7ZF7SCDzaSObLDQsiX9Gehbn9Yu-t5oA&oe=6656D913	17903424320891217
226			IMAGE	https://scontent.cdninstagram.com/v/t51.29350-15/401657557_895474658852748_4266282841299801076_n.jpg?_nc_cat=107&ccb=1-7&_nc_sid=18de74&_nc_eui2=AeF4WH17Bb4kv_bKpqo5uSgclSO9ZwjNLhiVI71nCM0uGN6uIgtmiKd2jwaxzGZYTuXqa98A-_eFMXW1YbRYq0q4&_nc_ohc=MFPY0ZAboSoQ7kNvgEB8cFj&_nc_ht=scontent.cdninstagram.com&edm=AM6HXa8EAAAA&oh=00_AYCbuV97tRoLDE7ZF7SCDzaSObLDQsiX9Gehbn9Yu-t5oA&oe=6656D913	17903424320891217
227			IMAGE	https://scontent.cdninstagram.com/v/t51.29350-15/401229291_800646325084652_4852862428163233155_n.jpg?_nc_cat=106&ccb=1-7&_nc_sid=18de74&_nc_eui2=AeHNvNMaehPBiFvu9H9vjBlg_StOZVrtXm79K05lWu1ebgvl31bw-W1n-JlaNdzHYq-9MuH5oA7H7Ue8Fm8cYtiZ&_nc_ohc=pjHPQrhtP5cQ7kNvgGgCBWw&_nc_ht=scontent.cdninstagram.com&edm=AM6HXa8EAAAA&oh=00_AYD08IFAX0SUsA4PEDo4I2jbnlcDPFqQ8TegH7iLrtvUww&oe=6656BF1B	18031478953714405
228			IMAGE	https://scontent.cdninstagram.com/v/t51.29350-15/401229291_800646325084652_4852862428163233155_n.jpg?_nc_cat=106&ccb=1-7&_nc_sid=18de74&_nc_eui2=AeHNvNMaehPBiFvu9H9vjBlg_StOZVrtXm79K05lWu1ebgvl31bw-W1n-JlaNdzHYq-9MuH5oA7H7Ue8Fm8cYtiZ&_nc_ohc=pjHPQrhtP5cQ7kNvgGgCBWw&_nc_ht=scontent.cdninstagram.com&edm=AM6HXa8EAAAA&oh=00_AYD08IFAX0SUsA4PEDo4I2jbnlcDPFqQ8TegH7iLrtvUww&oe=6656BF1B	18031478953714405
229			IMAGE	https://scontent.cdninstagram.com/v/t51.29350-15/358552768_254863443933568_4463693353196422630_n.jpg?_nc_cat=109&ccb=1-7&_nc_sid=18de74&_nc_eui2=AeFZQr4Xvy16Xyk4PsoLQYzG03WdC1fVZvjTdZ0LV9Vm-FG4jvf4QB38aHq4ygKSoM5joy4cGkKSR3MeBUqw4rxx&_nc_ohc=7a8sEgCGr0cQ7kNvgHdThtJ&_nc_ht=scontent.cdninstagram.com&edm=AM6HXa8EAAAA&oh=00_AYDCQN1NdQFGZdNFQ3fTscVAhteGN7r1UJOVX0B3kwaeCg&oe=6656C624	18304090285101035
230			IMAGE	https://scontent.cdninstagram.com/v/t51.29350-15/358552768_254863443933568_4463693353196422630_n.jpg?_nc_cat=109&ccb=1-7&_nc_sid=18de74&_nc_eui2=AeFZQr4Xvy16Xyk4PsoLQYzG03WdC1fVZvjTdZ0LV9Vm-FG4jvf4QB38aHq4ygKSoM5joy4cGkKSR3MeBUqw4rxx&_nc_ohc=7a8sEgCGr0cQ7kNvgHdThtJ&_nc_ht=scontent.cdninstagram.com&edm=AM6HXa8EAAAA&oh=00_AYDCQN1NdQFGZdNFQ3fTscVAhteGN7r1UJOVX0B3kwaeCg&oe=6656C624	18304090285101035
231			IMAGE	https://scontent.cdninstagram.com/v/t51.29350-15/358552768_254863443933568_4463693353196422630_n.jpg?_nc_cat=109&ccb=1-7&_nc_sid=18de74&_nc_eui2=AeFZQr4Xvy16Xyk4PsoLQYzG03WdC1fVZvjTdZ0LV9Vm-FG4jvf4QB38aHq4ygKSoM5joy4cGkKSR3MeBUqw4rxx&_nc_ohc=7a8sEgCGr0cQ7kNvgHdThtJ&_nc_ht=scontent.cdninstagram.com&edm=AM6HXa8EAAAA&oh=00_AYDCQN1NdQFGZdNFQ3fTscVAhteGN7r1UJOVX0B3kwaeCg&oe=6656C624	18304090285101035
